depth,measured,predicted
4022.2105,0.3363,0.3394
4023.3437,0.3371,0.3408
4021.9542,0.3527,0.3507
4022.1882,0.3475,0.3497
4025.5774,0.3430,0.3499
4021.4435,0.3490,0.3493
4023.0681,0.3509,0.3484
4022.1115,0.3323,0.3311
4024.5988,0.3238,0.3199
4024.0185,0.2761,0.2725
4024.4908,0.2513,0.2488
4025.8848,0.2362,0.2399
4025.2926,0.2253,0.2304
4024.4251,0.2281,0.2291
4022.5778,0.2406,0.2407
4026.3884,0.2633,0.2611
4024.9908,0.2636,0.2694
4025.3534,0.2956,0.2912
4024.5792,0.3060,0.3013
4024.8918,0.3121,0.3098
4024.9191,0.3416,0.3399
4028.1119,0.3424,0.3398
4026.4787,0.3523,0.3497
4026.3304,0.3600,0.3504
4024.9782,0.3431,0.3408
4025.6433,0.3436,0.3394
4022.9402,0.3323,0.3296
4025.0945,0.3226,0.3182
4025.3790,0.3223,0.3101
4027.0144,0.2958,0.2999
4028.0960,0.2910,0.2906
4026.3919,0.2782,0.2804
4026.2706,0.2787,0.2712
4028.9135,0.2692,0.2702
4025.5246,0.2679,0.2684
4028.2231,0.2753,0.2800
4027.6642,0.2798,0.2803
4028.8783,0.2798,0.2802
4026.0622,0.2786,0.2803
4025.1436,0.2848,0.2892
4027.4127,0.2965,0.2899
4025.6083,0.2914,0.2896
4028.5048,0.2915,0.2917
4030.4339,0.2881,0.2905
4028.3200,0.2958,0.2893
4029.1146,0.2889,0.2921
4026.7628,0.2922,0.2896
4026.2208,0.2838,0.2898
4027.2680,0.2931,0.2896
4029.2674,0.2842,0.2904
4027.2100,0.2947,0.2895
4027.5337,0.2931,0.2901
4029.2477,0.2891,0.2905
4027.9030,0.2896,0.2902
4031.1307,0.3026,0.3004
4027.5958,0.2994,0.3000
4027.8868,0.2952,0.2988
4029.6612,0.3107,0.3104
4031.0666,0.3121,0.3214
4029.1922,0.3195,0.3199
4030.2568,0.3213,0.3193
4031.1829,0.3243,0.3201
4030.4678,0.3201,0.3111
4028.4643,0.3077,0.3107
4029.6428,0.3180,0.3103
4029.5955,0.3217,0.3208
4028.2916,0.3191,0.3184
4030.1255,0.3265,0.3308
4029.4860,0.3290,0.3307
4030.1816,0.3267,0.3308
4029.6034,0.3337,0.3304
4029.5570,0.3303,0.3299
4029.0365,0.3262,0.3187
4032.7740,0.3193,0.3210
4032.3259,0.3175,0.3204
4032.1179,0.3083,0.3100
4031.9761,0.3065,0.3087
4031.9087,0.3159,0.3093
4031.6002,0.2932,0.3009
4032.4140,0.3063,0.2997
4031.1425,0.3023,0.3007
4033.6412,0.2877,0.2891
4033.8637,0.2873,0.2901
4033.6185,0.3005,0.2896
4033.7158,0.2929,0.2903
4033.0224,0.2937,0.2904
4033.6493,0.2901,0.2897
4031.2310,0.2876,0.2912
4031.8318,0.2977,0.2896
4033.5711,0.2930,0.2915
4034.4475,0.2901,0.2789
4034.0235,0.2828,0.2816
4032.6874,0.2811,0.2811
4031.3985,0.2778,0.2801
4031.5514,0.2767,0.2790
4033.6302,0.2770,0.2800
4034.5619,0.2899,0.2897
4034.2927,0.2908,0.2936
4033.2726,0.2963,0.2990
4034.0448,0.3066,0.3003
4032.4238,0.2991,0.3000
4035.6374,0.2999,0.2998
4034.4260,0.3044,0.2996
4035.5776,0.2942,0.2911
4037.2441,0.2916,0.2893
4035.9124,0.2854,0.2902
4033.4034,0.2968,0.2898
4035.9087,0.2927,0.2910
4034.9532,0.3023,0.2907
4035.5747,0.3004,0.3000
4034.8215,0.3082,0.3084
4034.9233,0.3130,0.3091
4037.1888,0.3229,0.3198
4035.9104,0.3161,0.3211
4033.9296,0.3271,0.3211
4035.7221,0.3182,0.3198
4036.6777,0.3275,0.3190
4034.9532,0.3219,0.3190
4036.3786,0.3225,0.3199
4037.9867,0.3102,0.3200
4037.8988,0.3288,0.3198
4035.4808,0.3108,0.3111
4037.1460,0.3132,0.3091
4036.2703,0.3145,0.3093
4035.9715,0.3046,0.3083
4035.5289,0.3155,0.3113
4037.9199,0.3143,0.3097
4036.1414,0.3031,0.3088
4035.8641,0.3049,0.3097
4038.9626,0.3169,0.3203
4035.3235,0.3210,0.3194
4038.4425,0.3182,0.3204
4035.8651,0.3201,0.3205
4036.8335,0.3152,0.3200
4036.8569,0.3268,0.3206
4039.4221,0.3161,0.3095
4036.5177,0.3084,0.3108
4038.2810,0.2963,0.3001
4040.2615,0.3024,0.2999
4038.4790,0.2936,0.3002
4040.5068,0.3001,0.2996
4041.2460,0.2982,0.3002
4039.8057,0.3022,0.2997
4036.7823,0.2989,0.2986
4038.1427,0.2978,0.2996
4037.1615,0.3041,0.3008
4038.1249,0.3028,0.2996
4039.6503,0.2935,0.3012
4038.4347,0.3088,0.2986
4039.4648,0.3060,0.3011
4040.0179,0.2793,0.2901
4040.3067,0.2912,0.2894
4038.9597,0.2936,0.2918
4040.3896,0.2811,0.2807
4039.5569,0.2778,0.2814
4037.7892,0.2713,0.2805
4041.5749,0.2751,0.2796
4040.5293,0.2847,0.2823
4039.5531,0.2953,0.2904
4040.5159,0.2916,0.2901
4039.7230,0.2931,0.2895
4040.2953,0.2902,0.3008
4040.7530,0.3031,0.2998
4038.5929,0.3034,0.3102
4040.6500,0.3124,0.3093
4041.7668,0.3022,0.3093
4043.6495,0.3129,0.3104
4042.0460,0.3099,0.3092
4041.5858,0.3127,0.3105
4040.1620,0.2973,0.2999
4039.9044,0.2964,0.2989
4039.9104,0.3004,0.3016
4043.5486,0.2979,0.2899
4039.6952,0.2904,0.2910
4044.0942,0.2824,0.2892
4042.1086,0.2817,0.2899
4043.3567,0.2916,0.2894
4041.9170,0.2806,0.2911
4042.3104,0.2905,0.2910
4043.9859,0.2895,0.2911
4042.4640,0.2932,0.2897
4042.0608,0.2933,0.3008
4042.8567,0.3003,0.2990
4040.5697,0.3060,0.3002
4044.1978,0.3056,0.3004
4042.8745,0.3116,0.3104
4042.8488,0.3085,0.3089
4044.0226,0.3046,0.3093
4043.3086,0.3159,0.3093
4044.8573,0.2988,0.3108
4043.7113,0.3093,0.3091
4042.9538,0.3083,0.3120
4042.3550,0.3152,0.3098
4043.6875,0.3045,0.2995
4042.8036,0.2961,0.3002
4044.3685,0.2967,0.3004
4046.4293,0.2852,0.2911
4044.0748,0.2962,0.2887
4043.5019,0.2861,0.2796
4044.0592,0.2831,0.2823
4045.9308,0.2857,0.2805
4044.2731,0.2738,0.2788
4044.2271,0.2838,0.2816
4044.7351,0.2827,0.2798
4043.6668,0.2876,0.2916
4045.6681,0.2935,0.2883
4045.5779,0.2976,0.2995
4044.9561,0.2943,0.3001
4043.6467,0.3018,0.2978
4045.8756,0.2899,0.2902
4047.1321,0.2988,0.2912
4045.9755,0.2770,0.2794
4045.5863,0.2626,0.2714
4046.4337,0.2679,0.2684
4047.9461,0.2736,0.2701
4045.1382,0.2743,0.2695
4044.7849,0.2596,0.2591
4045.6159,0.2678,0.2588
4045.8574,0.2535,0.2589
4048.8702,0.2456,0.2588
4048.1243,0.2582,0.2605
4048.3699,0.2516,0.2503
4047.2730,0.2606,0.2593
4046.2213,0.2619,0.2594
4047.4296,0.2662,0.2601
4046.7661,0.2498,0.2601
4045.4775,0.2726,0.2688
4047.0143,0.2685,0.2701
4047.4660,0.2724,0.2692
4048.9065,0.2596,0.2716
4048.8426,0.2829,0.2805
4050.3896,0.2811,0.2798
4047.5980,0.2804,0.2786
4048.4158,0.2831,0.2803
4047.3136,0.2856,0.2791
4046.9638,0.2847,0.2792
4050.3571,0.2734,0.2799
4047.0351,0.2860,0.2897
4049.8894,0.2860,0.2881
4050.0855,0.2851,0.2905
4048.5116,0.2903,0.2895
4048.5365,0.2810,0.2902
4048.1462,0.2862,0.2903
4047.0492,0.2983,0.2900
4049.1441,0.2908,0.2904
4048.1920,0.2968,0.2900
4050.9554,0.2900,0.2887
4050.9992,0.2889,0.2898
4050.7515,0.2933,0.2912
4048.6862,0.2877,0.2898
4052.0342,0.2863,0.2894
4050.1747,0.2862,0.2902
4049.9111,0.2837,0.2889
4051.7948,0.2867,0.2901
4049.7360,0.2857,0.2893
4050.1311,0.2941,0.2899
4050.2783,0.3019,0.3002
4050.5686,0.2992,0.3013
4050.9886,0.2992,0.3004
4049.6364,0.2845,0.2895
4049.4489,0.2873,0.2901
4053.1819,0.2995,0.2892
4051.5103,0.2918,0.2904
4052.5155,0.2817,0.2899
4050.2711,0.2910,0.2897
4050.1265,0.2984,0.2895
4050.8276,0.2912,0.2907
4050.0260,0.2910,0.2910
4049.9703,0.2854,0.2885
4052.5391,0.3102,0.3002
4053.8861,0.2995,0.2989
4052.0878,0.2981,0.2991
4053.4682,0.3034,0.3003
4051.7003,0.2985,0.3002
4052.0756,0.3072,0.2989
4053.4326,0.2983,0.2973
4052.2931,0.2998,0.3003
4052.2874,0.2983,0.2996
4053.9729,0.3163,0.3084
4053.8948,0.3113,0.3100
4051.5611,0.3034,0.3101
4052.1136,0.3062,0.3096
4051.1233,0.3183,0.3198
4055.3813,0.3286,0.3201
4051.8251,0.3261,0.3187
4054.6066,0.3147,0.3194
4051.9099,0.3188,0.3201
4051.1895,0.3258,0.3211
4053.9479,0.3267,0.3215
4053.1628,0.3220,0.3201
4053.6637,0.3097,0.3093
4053.7361,0.3078,0.3102
4054.0955,0.3162,0.3109
4052.5748,0.3154,0.2994
4055.5964,0.2992,0.3006
4055.6767,0.3048,0.3012
4055.6869,0.2968,0.2905
4056.2466,0.2948,0.3002
4054.7949,0.3075,0.3006
4056.3657,0.2899,0.2998
4054.6582,0.2938,0.2986
4056.5433,0.3053,0.3010
4055.6106,0.3101,0.2983
4054.3665,0.2988,0.3006
4055.9417,0.2977,0.3008
4057.6530,0.2927,0.3009
4056.9809,0.2986,0.3009
4056.5174,0.2967,0.2992
4054.0923,0.3004,0.3097
4055.2074,0.3146,0.3093
4055.6838,0.3152,0.3101
4055.6291,0.3138,0.3106
4057.8807,0.3043,0.3001
4057.2079,0.3007,0.2998
4054.7861,0.2997,0.3004
4057.7859,0.3034,0.2989
4056.6348,0.3021,0.3011
4056.4839,0.3025,0.3099
4060.0254,0.3085,0.3102
4056.0895,0.3186,0.3101
4056.5581,0.3048,0.3102
4060.0367,0.3061,0.3116
4057.1223,0.3019,0.3102
4059.1293,0.3095,0.3101
4059.3006,0.3041,0.3100
4058.5994,0.3058,0.3107
4057.0812,0.3103,0.3101
4056.8031,0.3148,0.3190
4059.3422,0.3140,0.3183
4057.5201,0.3215,0.3196
4058.8301,0.3124,0.3205
4057.2823,0.3168,0.3207
4059.4063,0.3178,0.3219
4058.7357,0.3082,0.3097
4059.9648,0.3056,0.3101
4059.4490,0.3054,0.3087
4057.8080,0.3019,0.3092
4059.4102,0.3163,0.3110
4058.2591,0.3131,0.3097
4058.6152,0.3102,0.3109
4060.5552,0.3253,0.3196
4058.9739,0.3134,0.3188
4061.0195,0.3156,0.3200
4060.0861,0.3299,0.3293
4058.1708,0.3377,0.3300
4061.5455,0.3220,0.3293
4059.9615,0.3245,0.3201
4058.5390,0.3111,0.3198
4059.5261,0.3191,0.3201
4060.8270,0.3142,0.3197
4059.0433,0.3194,0.3196
4059.5153,0.3181,0.3199
4061.2363,0.3210,0.3205
4062.1260,0.3216,0.3190
4060.9222,0.2939,0.3101
4062.8863,0.3144,0.3091
4059.9503,0.3076,0.3098
4060.3287,0.3100,0.3092
4061.4372,0.3134,0.3094
4059.9597,0.2878,0.2995
4062.7653,0.2948,0.2996
4063.8241,0.2889,0.2990
4062.6108,0.2991,0.2907
4061.7097,0.2938,0.2894
4061.6214,0.2896,0.2900
4059.7302,0.2945,0.2897
4061.4647,0.2906,0.2896
4063.4841,0.2811,0.2898
4064.1761,0.2894,0.2903
4062.2451,0.2818,0.2804
4064.7028,0.2834,0.2818
4063.5004,0.2810,0.2805
4062.5587,0.2914,0.2899
4063.9606,0.2930,0.2912
4064.0094,0.2886,0.2797
4064.7277,0.2835,0.2791
4062.1821,0.2823,0.2808
4064.9643,0.2795,0.2712
4061.9058,0.2703,0.2697
4065.9471,0.2747,0.2710
4066.1585,0.2689,0.2708
4065.4644,0.2771,0.2713
4062.8898,0.2581,0.2610
4065.5681,0.2693,0.2603
4062.8624,0.2700,0.2599
4064.1013,0.2495,0.2522
4066.5820,0.2499,0.2503
4064.8184,0.2549,0.2502
4063.0361,0.2657,0.2588
4062.8987,0.2622,0.2608
4065.5653,0.2779,0.2688
4066.9430,0.2726,0.2697
4065.0489,0.2665,0.2695
4062.7371,0.2750,0.2800
4064.3908,0.2787,0.2815
4065.9429,0.2757,0.2800
4066.4816,0.2849,0.2901
4065.8470,0.2848,0.2910
4065.0819,0.2838,0.2902
4065.9727,0.2878,0.2911
4066.8506,0.2885,0.2903
4067.3901,0.2861,0.2907
4066.1375,0.2877,0.2894
4066.6061,0.3060,0.3000
4066.1989,0.2963,0.2994
4067.9459,0.2991,0.3005
4067.2926,0.3142,0.3105
4067.5479,0.3132,0.3111
4065.4343,0.3047,0.3113
4067.8553,0.3083,0.3110
4067.2735,0.3082,0.3095
4067.9471,0.3111,0.3098
4066.1267,0.3178,0.3100
4066.3378,0.3084,0.3108
4067.3637,0.2945,0.2987
4068.6294,0.2910,0.2895
4067.9478,0.2954,0.2902
4067.0533,0.2769,0.2790
4066.9429,0.2745,0.2805
4068.2465,0.2760,0.2797
4068.1176,0.2784,0.2790
4069.8898,0.2753,0.2800
4070.6997,0.2927,0.2810
4066.2966,0.2769,0.2809
4066.4240,0.2808,0.2791
4068.6954,0.2950,0.2910
4066.2181,0.2779,0.2905
4070.7255,0.2940,0.3010
4068.1230,0.2995,0.3007
4067.1986,0.2864,0.2992
4070.4465,0.2913,0.2909
4070.8554,0.2817,0.2897
4069.0842,0.2902,0.2894
4071.4804,0.2901,0.2902
4070.9315,0.3070,0.2914
4069.8241,0.2909,0.2898
4068.9992,0.2880,0.2893
4070.0347,0.3006,0.2990
4072.0065,0.2947,0.3010
4071.5610,0.3001,0.3005
4071.8843,0.3093,0.3092
4073.1569,0.3027,0.3084
4071.9774,0.3103,0.3085
4071.2018,0.3245,0.3190
4071.3049,0.3240,0.3194
4072.4503,0.3257,0.3189
4069.9116,0.3184,0.3205
4072.9405,0.3280,0.3212
4073.2111,0.3071,0.3081
4069.5897,0.3128,0.3097
4074.0136,0.3085,0.3103
4071.0262,0.3102,0.3091
4070.3485,0.3085,0.3104
4072.4269,0.3102,0.3110
4070.4698,0.3146,0.3115
4070.5692,0.3099,0.3097
4073.5960,0.3155,0.3110
4074.1977,0.2972,0.3001
4072.7444,0.2903,0.2988
4070.7951,0.3053,0.3009
4074.8783,0.2989,0.3008
4074.9704,0.2991,0.2986
4071.9436,0.2892,0.2997
4072.3426,0.2975,0.3009
4071.9577,0.3033,0.2992
4075.6494,0.3027,0.3002
4073.3274,0.2957,0.3011
4074.6239,0.2927,0.2911
4075.1454,0.2803,0.2907
4072.0787,0.2760,0.2800
4072.2826,0.2765,0.2806
4074.5488,0.2754,0.2703
4074.6725,0.2675,0.2588
4072.7387,0.2505,0.2592
4074.0108,0.2665,0.2584
4075.3950,0.2548,0.2595
4075.3564,0.2620,0.2696
4076.2708,0.2751,0.2709
4074.6547,0.2684,0.2700
4073.5875,0.2693,0.2700
4075.0757,0.2753,0.2799
4074.0498,0.2703,0.2806
4076.8052,0.2871,0.2888
4077.3236,0.2947,0.2891
4075.5748,0.2858,0.2897
4076.5270,0.3015,0.2997
4075.3919,0.2988,0.3003
4074.9701,0.3064,0.2995
4076.3378,0.3092,0.3100
4073.3951,0.2991,0.3087
4076.2159,0.3065,0.3090
4077.5351,0.2977,0.2992
4076.0491,0.2943,0.2991
4078.6500,0.3015,0.3000
4078.1145,0.3012,0.2894
4075.5200,0.2970,0.2889
4076.3027,0.2974,0.3006
4077.9261,0.2886,0.2985
4075.4215,0.2983,0.2995
4075.0217,0.2936,0.2986
4077.7653,0.3153,0.3105
4077.6492,0.3105,0.3102
4079.1878,0.3097,0.3106
4077.7938,0.3085,0.3107
4079.0334,0.3107,0.3102
4079.4846,0.3096,0.3103
4078.1283,0.3109,0.3100
4076.6177,0.3108,0.3082
4076.0622,0.2984,0.3021
4079.9884,0.3014,0.2975
4076.4166,0.2965,0.2999
4077.4409,0.2915,0.2900
4076.6104,0.2888,0.2889
4079.0952,0.2892,0.2895
4078.2272,0.2921,0.2900
4078.5621,0.2947,0.2905
4076.3336,0.2834,0.2907
4080.3917,0.2919,0.2897
4079.0109,0.2946,0.2893
4077.2809,0.2924,0.3001
4077.0101,0.2954,0.2900
4079.0717,0.2943,0.2895
4077.8799,0.2923,0.2904
4077.1492,0.2815,0.2893
4079.5708,0.2812,0.2789
4080.1640,0.2753,0.2813
4078.6179,0.2782,0.2789
4078.3360,0.2703,0.2707
4078.2641,0.2656,0.2696
4081.5259,0.2779,0.2800
4078.2780,0.2845,0.2810
4081.1574,0.2929,0.2901
4079.6202,0.2994,0.3019
4080.2604,0.3034,0.2998
4079.7819,0.2996,0.3098
4078.9335,0.3139,0.3093
4081.4139,0.3155,0.3112
4078.8868,0.3077,0.3094
4079.0945,0.3074,0.3112
4080.6361,0.3097,0.3094
4081.3732,0.3080,0.2998
4082.7744,0.2989,0.2984
4082.2958,0.3018,0.2990
4083.1306,0.2919,0.3009
4082.6274,0.2913,0.2990
4081.3744,0.3004,0.2990
4083.0725,0.2992,0.3000
4084.1401,0.3079,0.2989
4083.3391,0.3129,0.2998
4082.9994,0.2909,0.2894
4082.9113,0.3007,0.2912
4081.2022,0.2864,0.2793
4083.8431,0.2833,0.2793
4081.9534,0.2662,0.2715
4082.3493,0.2743,0.2695
4083.3001,0.2700,0.2696
4084.2982,0.2803,0.2819
4082.0967,0.2829,0.2795
4082.5238,0.2985,0.2899
4084.0763,0.2913,0.2914
4084.8571,0.2965,0.2995
4083.4568,0.3098,0.3003
4081.5961,0.3052,0.3011
4082.4707,0.2972,0.3001
4083.0335,0.3122,0.3091
4084.3919,0.3116,0.3111
4083.0808,0.3066,0.3000
4081.7617,0.3016,0.3001
4084.6453,0.2934,0.3008
4083.9988,0.2893,0.2903
4082.4699,0.2849,0.2894
4085.2629,0.2909,0.2907
4085.9097,0.2896,0.2989
4085.8314,0.3044,0.3005
4085.3517,0.3004,0.3016
4085.6809,0.3142,0.3105
4085.7955,0.3200,0.3106
4084.7042,0.3207,0.3196
4084.4823,0.3197,0.3195
4083.3265,0.3252,0.3212
4085.3008,0.3239,0.3221
4083.8440,0.3110,0.3193
4085.4480,0.3311,0.3198
4084.7839,0.3090,0.3098
4084.8910,0.3135,0.3113
4084.2899,0.3093,0.3105
4087.8463,0.3101,0.3095
4085.0417,0.3232,0.3210
4087.0823,0.3256,0.3195
4085.4481,0.3285,0.3309
4087.6998,0.3291,0.3297
4085.7542,0.3289,0.3299
4087.3560,0.3294,0.3294
4086.8356,0.3303,0.3301
4087.0905,0.3334,0.3297
4086.0415,0.3260,0.3304
4085.2128,0.3331,0.3296
4089.0557,0.3329,0.3304
4084.9496,0.3140,0.3216
4089.3483,0.3262,0.3198
4086.0705,0.3171,0.3196
4088.5590,0.3211,0.3104
4087.3927,0.2955,0.2996
4087.9200,0.3053,0.3011
4087.4739,0.2981,0.3001
4088.6098,0.3075,0.2995
4085.9925,0.3057,0.3012
4086.6763,0.2922,0.2993
4086.5104,0.3046,0.3002
4090.4690,0.2979,0.3002
4087.6703,0.3030,0.2995
4088.3698,0.3039,0.3000
4086.4021,0.3071,0.3001
4088.0571,0.2878,0.2905
4087.4121,0.2901,0.2909
4087.2954,0.2935,0.2898
4089.9765,0.2771,0.2882
4087.2962,0.2922,0.2905
4089.1263,0.2931,0.2904
4089.1096,0.2846,0.2898
4089.9748,0.3022,0.3002
4091.1135,0.3036,0.2990
4090.0627,0.2897,0.2886
4090.4463,0.2953,0.2915
4087.9521,0.2879,0.2890
4091.1060,0.2902,0.2801
4091.7258,0.2841,0.2798
4091.1745,0.2764,0.2791
4091.1833,0.2790,0.2792
4089.7362,0.2806,0.2790
4090.8779,0.2852,0.2907
4089.7073,0.2919,0.2912
4090.0417,0.2813,0.2818
4090.4279,0.2766,0.2794
4089.3693,0.2785,0.2790
4089.3823,0.2844,0.2789
4092.1775,0.2781,0.2806
4090.8715,0.2880,0.2798
4089.6767,0.2929,0.2904
4088.8428,0.2975,0.2884
4091.5198,0.3013,0.3006
4090.9014,0.3143,0.3099
4092.3821,0.3241,0.3215
4093.9899,0.3200,0.3299
4091.3891,0.3298,0.3299
4090.5070,0.3271,0.3299
4092.4088,0.3164,0.3193
4094.9249,0.3216,0.3186
4090.3839,0.3188,0.3206
4093.7485,0.3215,0.3194
4093.8600,0.3156,0.3200
4092.5391,0.3163,0.3194
4091.3729,0.3112,0.3106
4091.8028,0.3085,0.3109
4091.1560,0.3067,0.3100
4091.3821,0.3066,0.3092
4095.8508,0.3124,0.3103
4091.5016,0.3133,0.3098
4091.7201,0.3095,0.3114
4091.7138,0.3147,0.3100
4094.2360,0.3076,0.3101
4092.7049,0.3180,0.3188
4092.9660,0.3097,0.3205
4094.8790,0.3207,0.3184
4093.5361,0.3220,0.3209
4095.3889,0.3201,0.3205
4097.4212,0.3138,0.3110
4092.9112,0.3092,0.3101
4095.8868,0.2951,0.3011
4093.1078,0.3020,0.3006
4095.4768,0.2904,0.2890
4094.9902,0.2882,0.2906
4094.8072,0.2898,0.2890
4092.0428,0.2879,0.2891
4098.0725,0.2897,0.2900
4096.5021,0.2867,0.2900
4097.6029,0.2909,0.2892
4094.3801,0.2859,0.2912
4097.5565,0.2866,0.2895
4097.9201,0.2829,0.2903
4097.2582,0.2981,0.2987
4095.5503,0.3019,0.2995
4098.9469,0.3013,0.3003
4097.4015,0.3081,0.2987
4093.3295,0.2923,0.2993
4094.4954,0.2935,0.3011
4095.3552,0.2982,0.3010
4096.2210,0.2964,0.3003
4096.1729,0.2951,0.2995
4099.3652,0.3099,0.3010
4096.0922,0.2954,0.3002
4095.6922,0.3008,0.3013
4096.1460,0.3091,0.3017
4096.9584,0.2974,0.2998
4097.6634,0.2977,0.3001
4096.1763,0.2832,0.2897
4098.0278,0.2752,0.2887
4098.4523,0.2926,0.2906
4096.8315,0.3018,0.2994
4096.3366,0.3027,0.2989
4099.3704,0.2984,0.3014
4099.2223,0.3000,0.2993
4098.9774,0.3021,0.2987
4098.5097,0.3020,0.2992
4098.1697,0.3104,0.3105
4098.7779,0.3058,0.3089
4098.5118,0.3123,0.3110
4096.9245,0.3109,0.3115
4101.0232,0.3120,0.3100
4100.3043,0.3126,0.3109
4100.7946,0.3115,0.3096
4097.7143,0.3143,0.3098
4097.4360,0.3100,0.3007
4100.9530,0.2956,0.3007
4099.3767,0.2994,0.2999
4097.5498,0.3062,0.3010
4097.3441,0.2875,0.2913
4102.1948,0.2948,0.2902
4099.0223,0.2844,0.2892
4098.7194,0.2796,0.2799
4100.3504,0.2700,0.2702
4099.3668,0.2682,0.2711
4102.2347,0.2601,0.2601
4102.2743,0.2580,0.2609
4100.6910,0.2570,0.2507
4101.4980,0.2459,0.2488
4102.4108,0.2429,0.2413
4101.7805,0.2414,0.2399
4102.3255,0.2424,0.2408
4099.3656,0.2261,0.2289
4101.2634,0.2286,0.2300
4100.1111,0.2409,0.2383
4102.0608,0.2414,0.2410
4103.0580,0.2474,0.2482
4100.5422,0.2513,0.2487
4103.4934,0.2655,0.2602
4102.9181,0.2778,0.2810
4103.6825,0.2845,0.2784
4101.4607,0.2955,0.2911
4103.8631,0.2886,0.2892
4103.4566,0.2912,0.2901
4103.1683,0.3103,0.2984
4102.5717,0.2994,0.2994
4101.0066,0.2918,0.2991
4102.3337,0.2840,0.2905
4102.1126,0.2831,0.2899
4102.3605,0.3005,0.2893
4102.5107,0.2706,0.2800
4102.6065,0.2698,0.2691
4104.8508,0.2668,0.2690
4105.3106,0.2643,0.2697
4103.5638,0.2745,0.2708
4103.6997,0.2620,0.2700
4103.8362,0.2671,0.2698
4102.9505,0.2784,0.2707
4103.6003,0.2731,0.2709
4102.2582,0.2770,0.2685
4102.5327,0.2786,0.2689
4104.9657,0.2605,0.2685
4104.7805,0.2810,0.2796
4103.4870,0.2785,0.2796
4102.5850,0.2788,0.2795
4105.1314,0.2790,0.2824
4102.8281,0.2832,0.2798
4105.3240,0.2786,0.2792
4104.4170,0.2801,0.2808
4103.8210,0.2761,0.2905
4105.4374,0.2842,0.2803
4104.1582,0.2857,0.2798
4106.3715,0.2753,0.2796
4105.6913,0.2855,0.2800
4105.7941,0.2733,0.2800
4107.6740,0.2810,0.2812
4105.8952,0.2872,0.2808
4107.9625,0.2716,0.2789
4107.7692,0.2701,0.2702
4106.0052,0.2767,0.2687
4104.9285,0.2650,0.2694
4107.5748,0.2640,0.2599
4108.5272,0.2626,0.2599
4107.7648,0.2638,0.2714
4105.2221,0.2745,0.2697
4108.1326,0.2662,0.2702
4107.3137,0.2626,0.2714
4105.7768,0.2680,0.2699
4108.8077,0.2825,0.2807
4107.6765,0.2823,0.2817
4106.9071,0.2905,0.2803
4109.5031,0.2836,0.2808
4109.2938,0.2789,0.2799
4109.7246,0.2811,0.2813
4108.9717,0.2825,0.2785
4108.0073,0.2784,0.2803
4106.8910,0.2743,0.2702
4109.3869,0.2761,0.2699
4106.1467,0.2722,0.2695
4106.8054,0.2767,0.2693
4106.2825,0.2625,0.2701
4106.7509,0.2715,0.2699
4107.9359,0.2721,0.2701
4106.9460,0.2611,0.2700
4110.2572,0.2672,0.2707
4110.3228,0.2745,0.2687
4108.9676,0.2809,0.2814
4108.5685,0.2815,0.2791
4111.0837,0.2904,0.2908
4109.4354,0.2910,0.2903
4109.3691,0.2947,0.2998
4109.3534,0.2904,0.2992
4108.9698,0.3014,0.2996
4109.0092,0.2990,0.2997
4111.3287,0.2920,0.2896
4108.6272,0.2924,0.2894
4108.4672,0.2805,0.2807
4111.4025,0.2835,0.2789
4108.4806,0.2740,0.2702
4109.9788,0.2764,0.2718
4108.7930,0.2667,0.2700
4108.8273,0.2698,0.2698
4108.6572,0.2637,0.2713
4109.7114,0.2649,0.2697
4111.2523,0.2848,0.2806
4108.9623,0.2744,0.2796
4111.9395,0.2862,0.2813
4110.1306,0.2783,0.2802
4112.7839,0.2801,0.2803
4112.8516,0.2776,0.2798
4113.3879,0.2862,0.2895
4112.6750,0.2869,0.2899
4112.2386,0.2928,0.2897
4109.8951,0.2671,0.2789
4109.9800,0.2799,0.2798
4111.4037,0.2772,0.2785
4111.5449,0.2788,0.2793
4112.0297,0.2774,0.2800
4113.7985,0.2762,0.2785
4110.5152,0.2767,0.2803
4110.9934,0.2817,0.2800
4114.5593,0.2869,0.2890
4112.2621,0.2869,0.2876
4111.6656,0.2939,0.2906
4111.1653,0.2952,0.2912
4112.4991,0.2870,0.2886
4111.2763,0.2946,0.2905
4114.5902,0.3039,0.3014
4113.5419,0.2958,0.3001
4115.8706,0.2965,0.2998
4115.3202,0.3012,0.3001
4114.2082,0.3014,0.3009
4113.9509,0.3035,0.3093
4115.2465,0.3161,0.3104
4113.8029,0.3125,0.3100
4116.3923,0.3144,0.3092
4112.3874,0.3067,0.3116
4114.5574,0.3060,0.3008
4115.1502,0.2932,0.2986
4115.1751,0.2899,0.2892
4115.5577,0.2852,0.2906
4113.2317,0.2946,0.2899
4113.9123,0.2968,0.3002
4116.8545,0.3014,0.2994
4115.3950,0.3177,0.3102
4117.0239,0.3140,0.3122
4116.6704,0.3084,0.3096
4116.1870,0.3138,0.3105
4114.9097,0.3004,0.3096
4114.6898,0.2928,0.3001
4117.9331,0.3001,0.3000
4115.4577,0.2947,0.2897
4117.6880,0.2847,0.2898
4117.4356,0.2873,0.2895
4115.3517,0.2895,0.2797
4114.6123,0.2768,0.2813
4118.2122,0.2793,0.2808
4117.4930,0.2823,0.2799
4118.4192,0.2873,0.2787
4115.7800,0.2835,0.2800
4118.6081,0.2821,0.2801
4116.9192,0.2872,0.2807
4116.7838,0.2752,0.2797
4116.9965,0.2826,0.2800
4116.6593,0.2789,0.2805
4116.3279,0.2784,0.2793
4118.3395,0.2714,0.2801
4118.7871,0.2805,0.2793
4120.0722,0.2955,0.2891
4115.5177,0.2922,0.2906
4117.6679,0.2907,0.2917
4119.3930,0.2840,0.2900
4117.4192,0.2996,0.2988
4119.5207,0.2971,0.3006
4118.7162,0.3018,0.2995
4117.6950,0.3135,0.3102
4118.0124,0.3137,0.3096
4117.1622,0.3112,0.3100
4118.6930,0.3072,0.3098
4116.3579,0.3069,0.3097
4119.9551,0.3044,0.3115
4119.4417,0.3180,0.3093
4119.4242,0.3023,0.3101
4118.6700,0.3281,0.3185
4117.7440,0.3162,0.3195
4119.0442,0.3183,0.3202
4120.6753,0.3232,0.3212
4119.9651,0.3052,0.3091
4119.1506,0.3054,0.3102
4118.7869,0.3111,0.3091
4119.8084,0.3089,0.3095
4122.0911,0.3035,0.3098
4120.9317,0.3132,0.3100
4121.9090,0.3123,0.3090
4119.3062,0.3087,0.3085
4120.0695,0.3110,0.3092
4119.8823,0.3084,0.3094
4119.4797,0.3056,0.3109
4118.8996,0.3186,0.3101
4120.8278,0.3042,0.3107
4121.4226,0.3049,0.3095
4122.4330,0.3028,0.3003
4123.1551,0.3055,0.3012
4119.5357,0.2997,0.3010
4122.0750,0.2989,0.3005
4120.3343,0.3051,0.3003
4121.5878,0.2851,0.3018
4123.5950,0.3021,0.3003
4123.8926,0.2993,0.3007
4123.7996,0.3007,0.3013
4124.2228,0.2873,0.3014
4121.1000,0.3071,0.3003
4120.2411,0.3087,0.2999
4122.1997,0.3048,0.2994
4122.3491,0.2989,0.2997
4123.1869,0.3062,0.2999
4121.2121,0.3068,0.3090
4120.8382,0.3149,0.3098
4122.2315,0.3104,0.3105
4122.7428,0.3156,0.3100
4124.2950,0.3160,0.3107
4124.0181,0.3122,0.3103
4122.4584,0.3074,0.3104
4121.2325,0.3073,0.3095
4122.8632,0.3103,0.3093
4123.2424,0.3073,0.3100
4125.6773,0.3103,0.3010
4124.1103,0.3075,0.2995
4123.1986,0.3033,0.3001
4123.2233,0.3043,0.3002
4126.3131,0.2850,0.2893
4122.9497,0.2968,0.2887
4123.5601,0.2838,0.2909
4122.4001,0.2843,0.2902
4122.2159,0.2842,0.2790
4125.4018,0.2963,0.2893
4123.5612,0.2827,0.2906
4124.9130,0.2926,0.2886
4125.7669,0.2912,0.2901
4123.2820,0.2912,0.2899
4125.8588,0.2874,0.2899
4126.7133,0.2924,0.2895
4126.0190,0.2872,0.2894
4127.4180,0.2886,0.2901
4126.1794,0.3045,0.3000
4126.9544,0.2998,0.2992
4126.0252,0.3041,0.3004
4125.6329,0.3040,0.2990
4124.3391,0.2985,0.3007
4128.2084,0.2948,0.3001
4125.6918,0.3042,0.2994
4124.4338,0.2895,0.3004
4125.8017,0.2984,0.2996
4127.1796,0.3106,0.3099
4125.5424,0.3043,0.3108
4126.0918,0.3114,0.3090
4125.3678,0.3100,0.3094
4129.1427,0.3106,0.3100
4126.9972,0.3072,0.3085
4126.4620,0.3151,0.3112
4127.7014,0.2983,0.3097
4126.9779,0.3211,0.3113
4126.9529,0.2921,0.2998
4126.2150,0.2870,0.2983
4124.4647,0.3007,0.3111
4128.4413,0.3001,0.3094
4125.4603,0.3128,0.3109
4127.8212,0.3069,0.3095
4129.1624,0.3139,0.3099
4128.3052,0.2969,0.3109
4128.1628,0.3087,0.3102
4126.7066,0.3183,0.3096
4128.3830,0.2964,0.2998
4126.9237,0.3095,0.2997
4127.8154,0.3044,0.3003
4128.0362,0.2983,0.3005
4127.5800,0.2964,0.2999
4129.3163,0.3150,0.3097
4129.8695,0.3120,0.3110
4127.8870,0.3085,0.3108
4130.8166,0.3113,0.3107
4130.7294,0.2946,0.3004
4127.5093,0.3076,0.3017
4131.4614,0.2935,0.3006
4128.1123,0.2943,0.2902
4130.2681,0.2930,0.2896
4132.3311,0.2940,0.2906
4130.5952,0.2876,0.2813
4129.9711,0.2752,0.2810
4130.5857,0.2847,0.2796
4130.7192,0.2700,0.2704
4132.5461,0.2748,0.2702
4132.2601,0.2765,0.2700
4132.0657,0.2646,0.2703
4132.1071,0.2634,0.2705
4130.9887,0.2703,0.2703
4131.5865,0.2836,0.2805
4132.3283,0.2813,0.2800
4130.7537,0.2771,0.2786
4130.6321,0.2929,0.2906
4131.4841,0.2815,0.2900
4132.8053,0.2935,0.2908
4130.8237,0.2922,0.3005
4134.1338,0.2941,0.2985
4130.6799,0.2932,0.2999
4130.4911,0.2970,0.2998
4133.6275,0.3061,0.3002
4133.0978,0.2997,0.3010
4130.8844,0.2973,0.3000
4134.4553,0.2968,0.2909
4133.7392,0.2945,0.2893
4132.9434,0.2863,0.2884
4131.1952,0.2916,0.2889
4133.8045,0.2831,0.2797
4134.8290,0.2741,0.2804
4131.0171,0.2815,0.2805
4134.9712,0.2830,0.2794
4134.2146,0.2797,0.2800
4134.0355,0.2867,0.2801
4133.7637,0.2917,0.2800
4133.6422,0.2834,0.2798
4136.1408,0.2764,0.2778
4134.7331,0.2723,0.2788
4135.0191,0.2827,0.2793
4134.1889,0.2824,0.2818
4133.7473,0.2831,0.2801
4133.4824,0.2652,0.2701
4134.2586,0.2714,0.2691
4134.8421,0.2678,0.2705
4133.6183,0.2789,0.2690
4136.5045,0.2673,0.2684
4134.0235,0.2645,0.2695
4134.3056,0.2792,0.2799
4136.3014,0.2922,0.2893
4133.6818,0.2864,0.2895
4134.0447,0.3010,0.3014
4137.0667,0.3015,0.3002
4135.9161,0.3044,0.2984
4136.1657,0.2997,0.2995
4137.2556,0.2955,0.3009
4137.1645,0.2928,0.2994
4135.9286,0.3015,0.3006
4136.2029,0.2925,0.2998
4137.2624,0.2909,0.2906
4135.9655,0.2840,0.2892
4134.8749,0.2845,0.2896
4135.6318,0.2904,0.2897
4137.5506,0.2897,0.2895
4137.4594,0.3039,0.2984
4136.2206,0.3050,0.3007
4136.6785,0.3023,0.3003
4138.5358,0.3157,0.3095
4135.9878,0.3110,0.3100
4138.9229,0.3094,0.3097
4139.1487,0.3060,0.3102
4137.8277,0.2973,0.3010
4139.0921,0.3014,0.2992
4136.5489,0.2830,0.2895
4138.5261,0.2953,0.2901
4139.5956,0.2972,0.2910
4135.3191,0.2949,0.3012
4136.2287,0.2973,0.3007
4137.1864,0.3141,0.3099
4138.7074,0.3069,0.3083
4138.4002,0.3111,0.3097
4136.7154,0.3078,0.3104
4141.1102,0.3188,0.3100
4138.5033,0.2992,0.3002
4138.5162,0.2993,0.3009
4139.4201,0.2957,0.2992
4138.6553,0.2988,0.3009
4139.3241,0.3086,0.3007
4140.4046,0.3084,0.3112
4138.7395,0.3158,0.3099
4137.8808,0.3127,0.3103
4138.3577,0.3154,0.3085
4139.5603,0.3161,0.3085
4138.6784,0.3116,0.3097
4141.7081,0.2952,0.3002
4141.2642,0.3005,0.2981
4139.3173,0.3054,0.3005
4141.3568,0.2800,0.2906
4140.2042,0.3027,0.2894
4140.2029,0.2966,0.3005
4141.3465,0.3072,0.2987
4142.2178,0.2992,0.3001
4142.7020,0.2980,0.2996
4139.7537,0.3075,0.2989
4141.7700,0.2982,0.2997
4141.5705,0.2898,0.2903
4140.0026,0.2903,0.2891
4138.7653,0.2972,0.2896
4142.9941,0.2863,0.2901
4142.1390,0.2834,0.2897
4141.4810,0.2865,0.2886
4142.3737,0.2898,0.2889
4143.2121,0.2984,0.3001
4141.9341,0.3027,0.3011
4142.6681,0.3059,0.2993
4140.7769,0.2938,0.3006
4141.1804,0.2971,0.3011
4144.6013,0.3009,0.2992
4140.4007,0.2930,0.2900
4143.6211,0.2844,0.2912
4140.5809,0.2858,0.2897
4142.4709,0.2991,0.3007
4143.0193,0.2997,0.3005
4144.5320,0.3148,0.3104
4144.6693,0.3128,0.3093
4145.0042,0.3080,0.3111
4144.5956,0.3093,0.3104
4143.3320,0.3086,0.3101
4143.2599,0.3093,0.3110
4146.3049,0.3052,0.3101
4144.9877,0.3153,0.3187
4146.1572,0.3188,0.3194
4142.9226,0.3272,0.3207
4142.6865,0.3270,0.3204
4142.2882,0.3193,0.3194
4145.1629,0.3135,0.3098
4142.6878,0.3093,0.3113
4146.8775,0.3114,0.3099
4144.2936,0.3109,0.3109
4144.9831,0.3087,0.3086
4146.8076,0.3145,0.3092
4146.1034,0.3145,0.3109
4146.3118,0.3118,0.3194
4145.8068,0.3249,0.3207
4144.5426,0.3341,0.3204
4144.3472,0.3066,0.3100
4144.6347,0.3192,0.3090
4144.0477,0.3096,0.3087
4147.1604,0.3100,0.3105
4144.2508,0.2960,0.2988
4146.5237,0.2982,0.2997
4145.9068,0.2952,0.2893
4145.3372,0.2928,0.2888
4145.6978,0.2792,0.2893
4148.2431,0.2885,0.2900
4148.6536,0.2973,0.2892
4147.2603,0.2923,0.2905
4144.8602,0.2843,0.2903
4146.8002,0.2952,0.3005
4145.3736,0.3055,0.3010
4148.0660,0.3022,0.3007
4145.9090,0.3100,0.3096
4146.8651,0.3073,0.3100
4146.6284,0.3088,0.3092
4148.3148,0.2938,0.3001
4147.2695,0.2947,0.2991
4148.4367,0.2864,0.2898
4148.9009,0.2879,0.2915
4150.2893,0.2821,0.2807
4147.1680,0.2810,0.2792
4147.7358,0.2788,0.2794
4147.6494,0.2721,0.2794
4148.8218,0.2819,0.2800
4149.1954,0.2865,0.2790
4146.5057,0.2859,0.2897
4149.4599,0.2906,0.2900
4146.9202,0.2804,0.2800
4149.0197,0.2749,0.2792
4148.4862,0.2818,0.2813
4151.5297,0.2709,0.2718
4149.6824,0.2652,0.2687
4147.4064,0.2641,0.2600
4149.4274,0.2553,0.2601
4151.1331,0.2532,0.2509
4149.0577,0.2433,0.2509
4149.9220,0.2535,0.2492
4150.5702,0.2555,0.2505
4149.2235,0.2572,0.2586
4152.6262,0.2605,0.2596
4149.3791,0.2721,0.2695
4152.3696,0.2677,0.2704
4150.9284,0.2692,0.2697
4150.0476,0.2688,0.2690
4152.8871,0.2722,0.2689
4150.8383,0.2667,0.2713
4150.5684,0.2632,0.2598
4151.3971,0.2619,0.2602
4151.0853,0.2569,0.2602
4149.5293,0.2528,0.2504
4149.9112,0.2569,0.2505
4150.9615,0.2479,0.2501
4150.5880,0.2535,0.2500
4152.9556,0.2468,0.2502
4149.8273,0.2650,0.2596
4152.0242,0.2593,0.2610
4151.2601,0.2692,0.2610
4151.4413,0.2622,0.2693
4152.0618,0.2629,0.2607
4150.9923,0.2669,0.2602
4151.8337,0.2634,0.2589
4150.7506,0.2476,0.2508
4152.7958,0.2510,0.2501
4152.1611,0.2478,0.2396
4150.8263,0.2405,0.2401
4153.2613,0.2419,0.2388
4152.5770,0.2380,0.2394
4155.1427,0.2406,0.2389
4152.5775,0.2419,0.2500
4151.9140,0.2460,0.2510
4151.4357,0.2458,0.2503
4154.4497,0.2684,0.2601
4153.9258,0.2533,0.2594
4153.2909,0.2718,0.2709
4154.5598,0.2678,0.2720
4151.1798,0.2901,0.2818
4155.2666,0.2749,0.2802
4154.4589,0.2895,0.2807
4154.0605,0.2846,0.2805
4154.9202,0.2936,0.2902
4155.9647,0.2974,0.2913
4155.1657,0.2858,0.2902
4153.4596,0.2968,0.3015
4156.2761,0.2938,0.2989
4157.5611,0.3173,0.3095
4152.6125,0.3064,0.3123
4155.1501,0.3196,0.3206
4154.5101,0.3185,0.3199
4155.8625,0.3352,0.3312
4155.3976,0.3201,0.3310
4154.2117,0.3331,0.3307
4155.4884,0.3238,0.3296
4155.0304,0.3271,0.3310
4153.7842,0.3264,0.3290
4157.2882,0.3298,0.3292
4153.9656,0.3165,0.3209
4155.8207,0.3220,0.3204
4154.2081,0.3136,0.3203
4156.3995,0.3147,0.3209
4158.0808,0.3206,0.3300
4157.6779,0.3328,0.3302
4158.2003,0.3351,0.3290
4155.0896,0.3282,0.3302
4155.1942,0.3294,0.3301
4158.6287,0.3193,0.3304
4156.7107,0.3247,0.3204
4156.3419,0.3249,0.3190
4159.2468,0.3208,0.3193
4158.7248,0.3292,0.3298
4157.9636,0.3319,0.3306
4158.9067,0.3349,0.3296
4159.6118,0.3258,0.3293
4156.5075,0.3305,0.3299
4160.1117,0.3229,0.3296
4159.1698,0.3323,0.3310
4156.5649,0.3289,0.3307
4159.5151,0.3333,0.3294
4158.7133,0.3213,0.3201
4158.8541,0.3285,0.3200
4160.4716,0.3187,0.3201
4160.7862,0.3097,0.3094
4160.2153,0.3091,0.3109
4157.2644,0.3151,0.3103
4160.3821,0.2956,0.2999
4159.8780,0.3176,0.3115
4158.5645,0.3107,0.3099
4157.1236,0.3115,0.3085
4160.8039,0.3121,0.3102
4159.6984,0.3157,0.3090
4161.0762,0.3141,0.3110
4157.7991,0.2980,0.3002
4159.4571,0.3006,0.2995
4159.3453,0.2862,0.2907
4159.8292,0.2808,0.2894
4158.6706,0.2870,0.2906
4159.2954,0.2687,0.2795
4162.2811,0.2834,0.2785
4159.4520,0.2889,0.2805
4159.9049,0.2799,0.2794
4162.0524,0.2860,0.2803
4160.2549,0.2651,0.2699
4162.6888,0.2660,0.2687
4161.3472,0.2728,0.2706
4162.9099,0.2712,0.2709
4162.3669,0.2582,0.2594
4159.9891,0.2601,0.2590
4162.7066,0.2563,0.2602
4162.5490,0.2632,0.2606
4162.5011,0.2576,0.2611
4159.6720,0.2656,0.2703
4163.4543,0.2853,0.2811
4159.9515,0.2885,0.2815
4161.8145,0.2961,0.3004
4160.5887,0.2928,0.3006
4161.1805,0.3064,0.2990
4160.5486,0.3063,0.2989
4160.6939,0.2975,0.2997
4163.9543,0.3004,0.3005
4164.5404,0.2962,0.3019
4162.9436,0.2809,0.2902
4163.5464,0.2887,0.2896
4161.6751,0.2884,0.2883
4162.1428,0.2844,0.2907
4163.0529,0.2964,0.2898
4162.1490,0.2978,0.2907
4163.1386,0.3100,0.2999
4163.3313,0.3071,0.3010
4163.2498,0.3039,0.3012
4162.9295,0.3131,0.3101
4163.8200,0.3100,0.3128
4165.5700,0.3141,0.3096
4164.0894,0.3193,0.3108
4164.1400,0.3086,0.3109
4165.8331,0.3124,0.3105
4164.9820,0.3143,0.3107
4164.4025,0.3101,0.3107
4166.9523,0.3173,0.3097
4164.8317,0.3180,0.3099
4165.8090,0.3141,0.3092
4162.9727,0.2992,0.2999
4164.5767,0.2982,0.2990
4163.3062,0.3051,0.2993
4164.8886,0.2893,0.2899
4164.2512,0.2868,0.2889
4166.7760,0.2970,0.2913
4165.8321,0.2787,0.2806
4167.6296,0.2866,0.2808
4167.4394,0.2781,0.2785
4165.7324,0.2833,0.2798
4165.0450,0.2820,0.2818
4165.9663,0.2906,0.2906
4168.3493,0.2924,0.2902
4165.6046,0.2957,0.2996
4166.3911,0.3030,0.3009
4168.5976,0.3027,0.3004
4168.2021,0.2955,0.2998
4168.0889,0.3105,0.3103
4165.5480,0.3089,0.2999
4168.8911,0.3000,0.3005
4166.3216,0.3068,0.2991
4167.8384,0.2861,0.2909
4169.6065,0.3034,0.2893
4168.3377,0.2901,0.2904
4168.7575,0.2879,0.2904
4167.6617,0.2950,0.2885
4167.8840,0.3057,0.2992
4167.2310,0.3084,0.2997
4169.5358,0.3034,0.2995
4167.3946,0.2969,0.2999
4168.9420,0.3052,0.3127
4167.9515,0.3096,0.3105
4169.2256,0.3065,0.3095
4167.5287,0.3037,0.3107
4167.4112,0.3078,0.3091
4166.8964,0.3138,0.3097
4170.9021,0.3000,0.3088
4168.8209,0.3119,0.3092
4169.7880,0.3146,0.3094
4167.7710,0.3074,0.3102
4167.6893,0.3240,0.3205
4166.6489,0.3177,0.3200
4170.6261,0.3259,0.3188
4170.3957,0.3197,0.3191
4170.4619,0.3079,0.3096
4169.0288,0.3122,0.3111
4169.9852,0.3052,0.3092
4167.8407,0.3056,0.3003
4168.3638,0.3074,0.2999
4170.9512,0.3010,0.3011
4169.0879,0.2992,0.3010
4170.3123,0.2978,0.3008
4172.0208,0.2952,0.3003
4169.3317,0.3049,0.3009
4170.5289,0.3032,0.3011
4171.1276,0.3076,0.2997
4169.9565,0.3035,0.3105
4172.7565,0.3206,0.3105
4172.7576,0.3046,0.3097
4169.7549,0.3077,0.3085
4170.9280,0.3106,0.3102
4169.4184,0.3048,0.3107
4172.1398,0.3133,0.3099
4172.9596,0.3144,0.3101
4171.1411,0.3115,0.3096
4171.2073,0.3074,0.3105
4172.8243,0.3059,0.3108
4170.6543,0.3046,0.3090
4171.7302,0.3038,0.3113
4171.1708,0.3024,0.3103
4173.7999,0.3099,0.3098
4171.1002,0.3054,0.3084
4173.7208,0.3141,0.3104
4174.6092,0.3168,0.3089
4174.9834,0.3044,0.3113
4174.8360,0.3090,0.3106
4174.0025,0.3124,0.3116
4173.4897,0.3145,0.3088
4174.1238,0.3010,0.3099
4170.6496,0.2937,0.3006
4173.3088,0.2990,0.2999
4173.6481,0.3064,0.2993
4173.7209,0.3077,0.2997
4172.5133,0.2885,0.2894
4174.8471,0.3032,0.3009
4175.1221,0.2935,0.3005
4172.7981,0.2976,0.2996
4173.9217,0.3064,0.3010
4175.6216,0.2953,0.3002
4173.9868,0.3001,0.2902
4174.9380,0.2893,0.2897
4173.1148,0.2724,0.2795
4174.1079,0.2801,0.2798
4175.4128,0.2881,0.2901
4175.8635,0.2959,0.2895
4175.5751,0.2970,0.3003
4176.6267,0.3216,0.3128
4177.0632,0.3115,0.3101
4176.6205,0.3170,0.3184
4176.6669,0.3261,0.3299
4176.3825,0.3235,0.3304
4175.1390,0.3306,0.3306
4175.4213,0.3315,0.3302
4176.0940,0.3359,0.3297
4177.1288,0.3226,0.3210
4175.5703,0.3176,0.3194
4177.0597,0.3218,0.3190
4176.6138,0.3239,0.3204
4176.3622,0.3337,0.3291
4175.5738,0.3364,0.3296
4176.8747,0.3324,0.3304
4176.5480,0.3326,0.3305
4175.2693,0.3397,0.3399
4176.7930,0.3411,0.3395
4175.8215,0.3416,0.3392
4177.9959,0.3412,0.3410
4175.4676,0.3336,0.3397
4177.7687,0.3380,0.3395
4176.4592,0.3540,0.3490
4177.2380,0.3535,0.3498
4178.2802,0.3445,0.3399
4176.9609,0.3417,0.3390
4176.9599,0.3254,0.3402
4177.7332,0.3355,0.3399
4176.5840,0.3520,0.3394
4180.3996,0.3476,0.3405
4179.9927,0.3465,0.3416
4179.0812,0.3294,0.3410
4176.5696,0.3425,0.3390
4178.4050,0.3303,0.3411
4177.1755,0.3272,0.3393
4177.6407,0.3396,0.3408
4177.9858,0.3347,0.3381
4178.1663,0.3327,0.3405
4179.8502,0.3448,0.3414
4178.5320,0.3465,0.3407
4178.2648,0.3240,0.3308
4179.3381,0.3352,0.3299
4177.4313,0.3402,0.3306
4179.2008,0.3247,0.3288
4179.1871,0.3255,0.3308
4180.3897,0.3255,0.3310
4178.4259,0.3347,0.3293
4179.2011,0.3243,0.3193
4179.3675,0.3200,0.3209
4181.5455,0.3209,0.3194
4182.9431,0.3091,0.3097
4180.6432,0.3123,0.3108
4181.4901,0.3143,0.3117
4179.6298,0.3090,0.3011
4180.1940,0.3087,0.2997
4181.9683,0.2759,0.2898
4182.7148,0.2941,0.2910
4182.4529,0.2925,0.2896
4180.1586,0.2940,0.2898
4182.7061,0.2886,0.2913
4182.0225,0.2893,0.2902
4181.4753,0.2987,0.2885
4181.4674,0.2983,0.2891
4182.6598,0.2905,0.2902
4180.6000,0.3001,0.2901
4182.1620,0.2746,0.2794
4181.2176,0.2778,0.2817
4184.0969,0.2726,0.2802
4183.3263,0.2782,0.2798
4180.7267,0.2793,0.2780
4184.4904,0.2857,0.2810
4183.8298,0.2821,0.2794
4181.6170,0.2730,0.2793
4182.4285,0.2786,0.2794
4184.1491,0.2837,0.2900
4183.5222,0.2846,0.2891
4185.1823,0.3053,0.2889
4181.6320,0.2955,0.3004
4183.8905,0.2968,0.3001
4182.8153,0.3144,0.3111
4184.5644,0.2983,0.3096
4182.2500,0.3128,0.3083
4184.9623,0.2937,0.3008
4182.9693,0.2928,0.2999
4183.5806,0.3028,0.3103
4184.3182,0.3072,0.3097
4182.6863,0.3111,0.3098
4185.2026,0.3122,0.3110
4185.3575,0.3203,0.3195
4186.4048,0.3151,0.3212
4183.4280,0.3189,0.3211
4185.0063,0.3267,0.3192
4185.4453,0.3168,0.3203
4184.0994,0.3234,0.3192
4184.6916,0.3267,0.3194
4184.7890,0.3190,0.3199
4185.2287,0.3223,0.3203
4184.2189,0.3132,0.3215
4186.7568,0.3194,0.3196
4184.2900,0.3262,0.3195
4185.9509,0.3224,0.3206
4187.4363,0.3231,0.3202
4183.7861,0.3108,0.3101
4185.4613,0.3063,0.3090
4185.8346,0.3059,0.3093
4183.1540,0.3150,0.3085
4187.9961,0.3196,0.3106
4188.2939,0.3059,0.3101
4187.3219,0.3102,0.3094
4184.9282,0.3100,0.3100
4185.8662,0.3119,0.3090
4187.5943,0.3023,0.2994
4186.7738,0.3005,0.3005
4189.0264,0.3035,0.3013
4186.3679,0.3025,0.2994
4187.7667,0.2966,0.2901
4186.0768,0.2893,0.2901
4185.6009,0.2917,0.2887
4185.8244,0.2941,0.2910
4189.8684,0.2875,0.2899
4187.9362,0.2843,0.2797
4186.6506,0.2820,0.2797
4189.0818,0.2680,0.2804
4187.1684,0.2868,0.2801
4189.1531,0.2714,0.2802
4189.1187,0.2706,0.2700
4188.8025,0.2644,0.2698
4188.2797,0.2563,0.2611
4190.1437,0.2553,0.2597
4189.3021,0.2609,0.2587
4189.5202,0.2497,0.2590
4189.1669,0.2666,0.2590
4190.6436,0.2621,0.2600
4187.4055,0.2677,0.2680
4191.2670,0.2705,0.2697
4191.4755,0.2629,0.2696
4189.1515,0.2892,0.2794
4187.8113,0.2845,0.2793
4190.9201,0.2778,0.2779
4188.8065,0.2819,0.2815
4191.1617,0.2832,0.2804
4189.6625,0.2832,0.2792
4188.9575,0.2855,0.2800
4189.4889,0.2674,0.2789
4191.2328,0.2799,0.2808
4189.4584,0.2777,0.2800
4188.7496,0.2762,0.2786
4189.5383,0.2914,0.2798
4189.4763,0.2874,0.2783
4189.9261,0.2779,0.2800
4189.5337,0.2820,0.2800
4189.4721,0.2769,0.2797
4193.2776,0.2866,0.2905
4191.0940,0.2902,0.2898
4191.2644,0.2928,0.2890
4189.8126,0.2852,0.2889
4191.1806,0.2967,0.2903
4192.1056,0.2891,0.2915
4189.4715,0.2826,0.2904
4190.4432,0.3010,0.3010
4190.4404,0.3023,0.3004
4193.1367,0.3003,0.3012
4191.5333,0.3083,0.2991
4192.5159,0.3047,0.3011
4194.2369,0.3036,0.3000
4193.7465,0.2934,0.2989
4190.6854,0.2982,0.3010
4191.9709,0.3035,0.3005
4193.9474,0.2993,0.3006
4194.5076,0.2972,0.2991
4193.1593,0.2967,0.2994
4194.8634,0.3141,0.3090
4192.6600,0.3113,0.3103
4192.1432,0.3124,0.3080
4192.4741,0.3118,0.3092
4192.4514,0.3013,0.2998
4194.4386,0.2915,0.3008
4193.9316,0.3073,0.2995
4194.6777,0.3022,0.2996
4192.7858,0.3123,0.3009
4193.3397,0.2958,0.2892
4195.9310,0.2908,0.2890
4195.1569,0.2989,0.2912
4194.9838,0.3000,0.2916
4195.6856,0.2962,0.2907
4195.0781,0.2956,0.2999
4193.5765,0.2987,0.3003
4193.6777,0.3055,0.3001
4196.9735,0.3020,0.3007
4195.8858,0.2964,0.2996
4194.4396,0.3069,0.3091
4194.0238,0.3059,0.3105
4197.5528,0.3145,0.3102
4196.1530,0.3019,0.3101
4195.7603,0.3215,0.3204
4197.2779,0.3272,0.3204
4194.3428,0.3182,0.3201
4195.4475,0.3204,0.3193
4195.9211,0.3123,0.3101
4194.2667,0.2968,0.3096
4195.4424,0.2957,0.3092
4198.3146,0.2971,0.3118
4195.7586,0.2968,0.2999
4197.0285,0.3015,0.3005
4197.1987,0.2994,0.2999
4197.0618,0.2941,0.2895
4198.5329,0.2794,0.2903
4198.1574,0.2930,0.2903
4196.4329,0.2915,0.2887
4198.0103,0.2944,0.2995
4197.1210,0.3009,0.3002
4196.9283,0.2846,0.3001
4200.7397,0.2987,0.3015
4197.5379,0.2971,0.3000
4198.9076,0.2971,0.3006
4196.3778,0.2946,0.2999
4198.8967,0.3004,0.2991
4197.1023,0.2998,0.2990
4199.2556,0.2930,0.3099
4200.0093,0.3116,0.3097
4198.2365,0.3030,0.3110
4199.6859,0.3076,0.3087
4198.7697,0.3137,0.3102
4199.9078,0.3143,0.3106
4201.7357,0.3054,0.3110
4199.7124,0.3055,0.3097
4199.0342,0.3094,0.3105
4199.5337,0.3105,0.3112
4201.4474,0.3121,0.3088
4198.8999,0.3143,0.3099
4200.9983,0.3036,0.3095
4201.0965,0.3137,0.3100
4201.2292,0.3129,0.3102
4201.4224,0.2907,0.2997
4201.2815,0.2961,0.3000
4199.4754,0.3033,0.3010
4199.9937,0.3068,0.3090
4198.5853,0.3101,0.3092
4200.4912,0.3074,0.3092
4200.5882,0.3052,0.3087
4201.6335,0.3048,0.3092
4199.5104,0.3011,0.3108
4202.1439,0.3091,0.3100
4200.5154,0.3056,0.3117
4203.3687,0.2971,0.2996
4202.1482,0.3012,0.2995
4203.0624,0.2996,0.2989
4202.0275,0.2954,0.2991
4200.1041,0.3065,0.3092
4201.9710,0.3144,0.3102
4202.2974,0.3191,0.3106
4202.3504,0.3119,0.3099
4203.0917,0.3275,0.3202
4203.4840,0.3270,0.3197
4202.4020,0.3187,0.3211
4199.3541,0.3122,0.3199
4202.8849,0.3250,0.3187
4202.1282,0.3148,0.3201
4204.3859,0.3354,0.3307
4203.4513,0.3151,0.3197
4203.2079,0.3171,0.3194
4203.1899,0.3156,0.3192
4203.7016,0.3245,0.3212
4204.6616,0.3239,0.3175
4203.5801,0.3172,0.3183
4204.7146,0.3356,0.3195
4201.3216,0.3168,0.3198
4202.0264,0.3191,0.3197
4205.9184,0.3233,0.3199
4203.1383,0.3222,0.3207
4205.2900,0.3178,0.3203
4203.5149,0.3184,0.3202
4202.1688,0.3180,0.3107
4205.9413,0.3095,0.3088
4205.1203,0.3132,0.3115
4205.7957,0.3091,0.3108
4205.0067,0.3101,0.3103
4204.3395,0.3139,0.3105
4204.7725,0.3215,0.3099
4202.8619,0.3209,0.3191
4203.1099,0.3172,0.3205
4205.1096,0.3183,0.3212
4203.6621,0.3196,0.3186
4204.5006,0.3166,0.3203
4204.0286,0.3232,0.3206
4204.3184,0.3084,0.3195
4204.1761,0.3206,0.3190
4205.2795,0.3207,0.3192
4204.1863,0.3052,0.3095
4204.8356,0.3020,0.3121
4205.6453,0.3080,0.3098
4205.8524,0.3142,0.3099
4205.6688,0.3056,0.3109
4205.2371,0.3128,0.3095
4205.9974,0.3127,0.3090
4204.6208,0.3102,0.3105
4207.3277,0.3114,0.3100
4205.0156,0.3122,0.3109
4209.0870,0.3140,0.3100
4206.7535,0.3037,0.3110
4206.3286,0.3135,0.3099
4208.2139,0.3022,0.3114
4209.2410,0.3089,0.3107
4205.3342,0.3095,0.3096
4207.7576,0.3117,0.3091
4208.2874,0.3055,0.3113
4208.4769,0.3097,0.3100
4207.6081,0.3048,0.3100
4209.3009,0.3101,0.3090
4207.2012,0.3136,0.3094
4208.4763,0.3042,0.3106
4206.1455,0.3058,0.3094
4207.9151,0.3081,0.3110
4207.7775,0.3182,0.3095
4208.2781,0.3112,0.3109
4206.5134,0.3093,0.3103
4206.3483,0.3117,0.3102
4207.4299,0.3050,0.3116
4208.1299,0.3060,0.3096
4208.0441,0.3163,0.3098
4209.5463,0.3132,0.3113
4207.8211,0.3118,0.3091
4207.1485,0.3088,0.3107
4209.2146,0.3150,0.3105
4211.5131,0.3178,0.3198
4209.3743,0.3152,0.3197
4210.8999,0.3226,0.3196
4207.9855,0.3265,0.3199
4208.7235,0.3245,0.3197
4210.5624,0.3168,0.3205
4208.3779,0.3150,0.3193
4211.2570,0.3077,0.3201
4210.5309,0.3209,0.3192
4210.5840,0.3232,0.3199
4211.5158,0.3147,0.3190
4212.0578,0.3201,0.3202
4211.3051,0.3177,0.3085
4208.9791,0.3090,0.3107
4212.2291,0.3093,0.3086
4209.4632,0.2975,0.3103
4212.4911,0.3076,0.3104
4212.4124,0.3286,0.3193
4209.4268,0.3228,0.3185
4212.2591,0.3186,0.3208
4211.8093,0.3183,0.3195
4213.0593,0.3256,0.3195
4209.7689,0.3074,0.3114
4213.3492,0.3125,0.3092
4212.2116,0.3075,0.3105
4210.0008,0.3081,0.3090
4212.1056,0.3177,0.3100
4215.2831,0.3141,0.3097
4213.7061,0.3089,0.3100
4213.5752,0.3184,0.3088
4213.9676,0.3042,0.2995
4211.8949,0.2991,0.3004
4211.8079,0.2996,0.3015
4211.9448,0.2919,0.2999
4212.1535,0.2956,0.3002
4212.6614,0.3151,0.3106
4211.9540,0.3040,0.3100
4214.0527,0.3129,0.3098
4214.0386,0.3148,0.3119
4213.6282,0.3043,0.3086
4212.1768,0.3114,0.3093
4215.4888,0.3077,0.3090
4216.1083,0.3093,0.3091
4213.6923,0.3191,0.3108
4215.9055,0.3094,0.3092
4212.9366,0.3039,0.2987
4214.5736,0.2996,0.3010
4211.9399,0.2936,0.3015
4217.4909,0.2996,0.2995
4214.9581,0.2914,0.2901
4213.8292,0.2854,0.2895
4215.3573,0.2981,0.2897
4214.9393,0.2935,0.2899
4212.5590,0.2971,0.2894
4217.1882,0.2905,0.2899
4216.2570,0.2948,0.2902
4217.0498,0.3062,0.3011
4215.8904,0.2966,0.2998
4214.3014,0.3142,0.3119
4214.2549,0.3022,0.3096
4217.1164,0.3183,0.3192
4217.7346,0.3133,0.3196
4217.0920,0.3252,0.3197
4214.3045,0.3274,0.3209
4215.3715,0.3212,0.3194
4217.6493,0.3212,0.3192
4217.5352,0.3262,0.3201
4217.9979,0.3171,0.3202
4217.3807,0.3188,0.3196
4216.5097,0.3254,0.3207
4217.1836,0.3054,0.3098
4218.9058,0.3111,0.3107
4219.7730,0.2997,0.3089
4218.1793,0.3064,0.3092
4216.6712,0.3109,0.3203
4217.4981,0.3173,0.3205
4219.8331,0.3222,0.3193
4219.8678,0.3148,0.3191
4220.2036,0.3280,0.3213
4217.8019,0.3324,0.3301
4218.8120,0.3398,0.3295
4220.4648,0.3258,0.3305
4216.0731,0.3289,0.3304
4217.8545,0.3276,0.3286
4218.6229,0.3295,0.3312
4217.9248,0.3320,0.3302
4216.9623,0.3421,0.3300
4220.5364,0.3311,0.3299
4218.9467,0.3290,0.3294
4219.8986,0.3336,0.3302
4218.5510,0.3271,0.3307
4219.9146,0.3281,0.3305
4219.4721,0.3382,0.3289
4218.7531,0.3344,0.3308
4217.9673,0.3349,0.3295
4220.6258,0.3216,0.3282
4219.1419,0.3294,0.3197
4219.4918,0.3216,0.3193
4221.8075,0.3194,0.3197
4221.4974,0.3252,0.3207
4220.7889,0.3131,0.3202
4218.7394,0.3284,0.3199
4219.1958,0.3252,0.3207
4221.4478,0.3166,0.3193
4221.2333,0.3203,0.3199
4222.6554,0.3215,0.3195
4219.6036,0.3260,0.3201
4222.4032,0.3295,0.3304
4222.2467,0.3247,0.3301
4220.7004,0.3307,0.3305
4219.8425,0.3297,0.3297
4221.5097,0.3248,0.3286
4222.7979,0.3400,0.3409
4221.9457,0.3440,0.3392
4220.2955,0.3426,0.3406
4221.5200,0.3458,0.3397
4222.2123,0.3327,0.3404
4222.6518,0.3383,0.3410
4221.5681,0.3398,0.3405
4221.9296,0.3413,0.3412
4221.5822,0.3328,0.3293
4221.6068,0.3250,0.3308
4222.9453,0.3387,0.3306
4223.0321,0.3297,0.3298
4221.5988,0.3367,0.3292
4224.6145,0.3352,0.3290
4222.1640,0.3169,0.3201
4221.5533,0.3237,0.3192
4223.1219,0.3159,0.3194
4221.9086,0.3182,0.3211
4224.5112,0.3225,0.3198
4222.9688,0.3261,0.3195
4224.7725,0.3313,0.3218
4225.6710,0.3174,0.3204
4226.1425,0.3282,0.3294
4225.6600,0.3158,0.3313
4223.8190,0.3180,0.3199
4222.9872,0.3217,0.3197
4225.5465,0.3184,0.3198
4226.4263,0.3209,0.3188
4225.2468,0.3079,0.3200
4225.9212,0.3156,0.3104
4223.5492,0.3117,0.3105
4223.1815,0.3100,0.3100
4223.2418,0.3114,0.3094
4227.0759,0.3081,0.3098
4224.4181,0.3095,0.3095
4225.5299,0.3301,0.3201
4225.5750,0.3176,0.3206
4226.4951,0.3255,0.3292
4225.2586,0.3230,0.3309
4227.6098,0.3239,0.3300
4224.2629,0.3244,0.3299
4227.7173,0.3278,0.3307
4225.2714,0.3333,0.3291
4228.1874,0.3307,0.3297
4226.2847,0.3273,0.3292
4228.5654,0.3391,0.3287
4226.3747,0.3396,0.3290
4226.9290,0.3291,0.3310
4225.9962,0.3277,0.3317
4228.0781,0.3284,0.3311
4228.8285,0.3378,0.3298
4228.8146,0.3302,0.3289
4227.8778,0.3277,0.3301
4226.1932,0.3243,0.3299
4226.2306,0.3237,0.3304
4229.2445,0.3324,0.3311
4228.0649,0.3267,0.3298
4229.1596,0.3236,0.3310
4229.9891,0.3326,0.3302
4228.9044,0.3330,0.3295
4230.2807,0.3251,0.3311
4228.2522,0.3372,0.3287
4228.5986,0.3266,0.3283
4229.3136,0.3328,0.3293
4227.4654,0.3239,0.3203
4228.6206,0.3166,0.3196
4229.0941,0.3067,0.3107
4231.2638,0.2984,0.3094
4229.1682,0.3016,0.3001
4229.9421,0.2829,0.2905
4231.9176,0.2939,0.2895
4228.4658,0.2789,0.2803
4229.1996,0.2845,0.2788
4229.4050,0.2732,0.2804
4228.8660,0.2761,0.2797
4228.8290,0.2709,0.2709
4229.0319,0.2659,0.2696
4231.7434,0.2589,0.2697
4232.3287,0.2537,0.2603
4229.3646,0.2681,0.2596
4230.3893,0.2592,0.2591
4230.3777,0.2587,0.2505
4231.2010,0.2506,0.2495
4230.8780,0.2464,0.2512
4230.2559,0.2534,0.2506
4230.7528,0.2555,0.2603
4230.4825,0.2653,0.2582
4232.5116,0.2604,0.2705
4233.4922,0.2634,0.2700
4232.1607,0.2889,0.2816
4229.9595,0.2810,0.2816
4230.5061,0.3018,0.2907
4231.9177,0.2925,0.2889
4232.5890,0.3030,0.3016
4230.6757,0.3035,0.2990
4231.5628,0.2972,0.2991
4233.0012,0.3015,0.2998
4232.2944,0.2852,0.2907
4233.0179,0.2872,0.2901
4233.5085,0.2800,0.2897
4230.6492,0.2783,0.2803
4233.1078,0.2746,0.2800
4231.3568,0.2649,0.2689
4231.8852,0.2717,0.2587
4233.7316,0.2495,0.2500
4232.6127,0.2456,0.2498
4234.1065,0.2377,0.2392
4234.1258,0.2344,0.2401
4232.9125,0.2293,0.2300
4234.5280,0.2357,0.2291
4233.6547,0.2288,0.2290
4232.6725,0.2310,0.2284
4233.3688,0.2184,0.2202
4236.3284,0.2160,0.2200
4232.8068,0.2339,0.2309
4234.7498,0.2357,0.2301
4233.9361,0.2277,0.2288
4232.6548,0.2270,0.2308
4235.9740,0.2411,0.2399
4233.3790,0.2377,0.2395
4233.0488,0.2420,0.2403
4235.4828,0.2378,0.2389
4235.4847,0.2390,0.2384
4236.1392,0.2371,0.2387
4233.7142,0.2360,0.2407
4234.7024,0.2464,0.2483
4236.6645,0.2510,0.2495
4235.2705,0.2499,0.2499
4234.8567,0.2580,0.2595
4234.5007,0.2586,0.2599
4236.1227,0.2603,0.2609
4237.0970,0.2641,0.2597
4235.5779,0.2559,0.2613
4236.2753,0.2599,0.2594
4237.8526,0.2575,0.2582
4236.4879,0.2633,0.2603
4238.4397,0.2630,0.2611
4236.1668,0.2555,0.2491
4235.7537,0.2518,0.2497
4237.7156,0.2569,0.2498
4235.6315,0.2515,0.2498
4235.2603,0.2511,0.2490
4236.2914,0.2414,0.2495
4236.2914,0.2564,0.2600
4236.9958,0.2560,0.2607
4236.6932,0.2627,0.2589
4236.6195,0.2555,0.2621
4238.6484,0.2598,0.2604
4236.5395,0.2562,0.2593
4238.4716,0.2581,0.2615
4236.5707,0.2602,0.2595
4239.4389,0.2577,0.2593
4236.6870,0.2598,0.2598
4237.5228,0.2480,0.2490
4238.1496,0.2542,0.2488
4237.3339,0.2450,0.2485
4238.0432,0.2546,0.2509
4237.9148,0.2526,0.2493
4238.8285,0.2394,0.2494
4241.2032,0.2449,0.2499
4237.6182,0.2580,0.2499
4240.7949,0.2675,0.2599
4238.8232,0.2677,0.2609
4238.3847,0.2605,0.2591
4240.0161,0.2659,0.2604
4239.0141,0.2647,0.2585
4241.3824,0.2622,0.2592
4239.9925,0.2549,0.2601
4238.3884,0.2602,0.2601
4239.6882,0.2580,0.2595
4238.8062,0.2646,0.2610
4242.2994,0.2587,0.2593
4241.1944,0.2570,0.2587
4239.2333,0.2616,0.2599
4241.8893,0.2579,0.2592
4239.0749,0.2621,0.2614
4239.0866,0.2566,0.2596
4241.2554,0.2565,0.2605
4241.5384,0.2544,0.2600
4241.2825,0.2533,0.2582
4241.1894,0.2519,0.2607
4241.3326,0.2611,0.2604
4239.9825,0.2688,0.2605
4239.3096,0.2665,0.2599
4239.9592,0.2615,0.2593
4241.3800,0.2576,0.2601
4241.8956,0.2562,0.2589
4242.3317,0.2530,0.2482
4241.8562,0.2575,0.2505
4241.7094,0.2521,0.2496
4242.6247,0.2497,0.2499
4241.2633,0.2490,0.2509
4242.6690,0.2465,0.2500
4242.3684,0.2485,0.2496
4242.0602,0.2584,0.2603
4242.3629,0.2643,0.2601
4243.2134,0.2635,0.2602
4242.4440,0.2573,0.2596
4242.4010,0.2629,0.2595
4243.1312,0.2776,0.2707
4244.5860,0.2687,0.2702
4243.3270,0.2676,0.2699
4242.5922,0.2607,0.2602
4242.6369,0.2579,0.2603
4243.1728,0.2625,0.2625
4242.4131,0.2495,0.2519
4244.3200,0.2577,0.2488
4243.6274,0.2365,0.2506
4242.4578,0.2543,0.2494
4246.4121,0.2504,0.2512
4243.1265,0.2513,0.2500
4242.2348,0.2419,0.2400
4244.5331,0.2468,0.2399
4243.5886,0.2392,0.2399
4242.6926,0.2378,0.2397
4242.4954,0.2390,0.2380
4245.4638,0.2328,0.2402
4247.4069,0.2364,0.2401
4245.8425,0.2389,0.2398
4244.2434,0.2333,0.2404
4244.1580,0.2392,0.2387
4246.0252,0.2377,0.2391
4245.5797,0.2388,0.2403
4244.9534,0.2427,0.2392
4243.9066,0.2303,0.2392
4246.5418,0.2359,0.2305
4245.2674,0.2324,0.2295
4247.4941,0.2350,0.2294
4246.2959,0.2319,0.2305
4247.7349,0.2255,0.2209
4244.9481,0.2197,0.2200
4247.7527,0.2353,0.2303
4246.7273,0.2199,0.2288
4245.7645,0.2214,0.2308
4246.7087,0.2356,0.2296
4245.4139,0.2358,0.2395
4249.4423,0.2465,0.2402
4246.3381,0.2482,0.2400
4248.1207,0.2446,0.2491
4248.9257,0.2383,0.2487
4247.0739,0.2452,0.2500
4249.7656,0.2497,0.2497
4245.8516,0.2506,0.2483
4250.0092,0.2494,0.2510
4250.0788,0.2518,0.2503
4247.3578,0.2539,0.2500
4247.4464,0.2388,0.2387
4246.1890,0.2387,0.2399
4248.5720,0.2356,0.2400
4248.5631,0.2435,0.2399
4246.9878,0.2425,0.2404
4249.5866,0.2438,0.2291
4250.8442,0.2264,0.2314
4248.6647,0.2339,0.2306
4249.9216,0.2285,0.2202
4249.9007,0.2358,0.2202
4250.2754,0.2197,0.2201
4249.1913,0.2170,0.2203
4248.9830,0.2201,0.2202
4249.4724,0.2274,0.2292
4249.8657,0.2333,0.2306
4248.1766,0.2399,0.2295
4249.9589,0.2330,0.2296
4248.3347,0.2326,0.2309
4248.3150,0.2256,0.2302
4250.3659,0.2219,0.2296
4252.6395,0.2391,0.2395
4252.6318,0.2348,0.2409
4252.6401,0.2526,0.2495
4251.4345,0.2478,0.2486
4252.3874,0.2485,0.2507
4253.1839,0.2557,0.2606
4248.8074,0.2627,0.2593
4251.5245,0.2691,0.2595
4252.6670,0.2421,0.2506
4251.6748,0.2484,0.2483
4250.3920,0.2546,0.2491
4251.6978,0.2434,0.2501
4252.6211,0.2462,0.2393
4250.9616,0.2435,0.2393
4252.1842,0.2234,0.2295
4250.5089,0.2306,0.2303
4253.8226,0.2114,0.2200
4249.5642,0.2173,0.2227
4250.7221,0.2142,0.2213
4251.1562,0.2215,0.2300
4253.6463,0.2302,0.2309
4251.4064,0.2267,0.2293
4253.1458,0.2438,0.2400
4251.2932,0.2407,0.2401
4254.4305,0.2397,0.2412
4253.9257,0.2404,0.2413
4254.2747,0.2352,0.2394
4252.7445,0.2414,0.2400
4253.2274,0.2362,0.2409
4252.2541,0.2360,0.2398
4254.3249,0.2386,0.2400
4251.2764,0.2405,0.2396
4254.9692,0.2421,0.2405
4254.0629,0.2438,0.2390
4251.9058,0.2387,0.2401
4255.4961,0.2500,0.2395
4253.1553,0.2421,0.2397
4255.0986,0.2394,0.2398
4256.0352,0.2382,0.2397
4253.2452,0.2392,0.2418
4256.0862,0.2408,0.2392
4252.8387,0.2383,0.2413
4255.2570,0.2385,0.2401
4255.6212,0.2384,0.2396
4254.0693,0.2427,0.2407
4253.9300,0.2438,0.2400
4255.4369,0.2379,0.2408
4256.2840,0.2416,0.2296
4254.6409,0.2299,0.2296
4255.3012,0.2322,0.2301
4254.3951,0.2261,0.2303
4254.1208,0.2343,0.2300
4255.6083,0.2308,0.2297
4257.7133,0.2292,0.2302
4253.8332,0.2338,0.2286
4257.0382,0.2360,0.2297
4258.2199,0.2345,0.2401
4258.4326,0.2335,0.2391
4255.3332,0.2518,0.2599
4255.3822,0.2851,0.2694
4256.0436,0.2838,0.2818
4257.1251,0.2883,0.2789
4256.7411,0.2756,0.2791
4259.8345,0.2860,0.2787
4256.8987,0.2690,0.2696
4259.0415,0.2554,0.2495
4258.6098,0.2125,0.2205
4257.6663,0.2077,0.2101
4256.0456,0.1918,0.2017
4259.5695,0.2038,0.1988
4256.9180,0.2144,0.2106
4259.2570,0.2144,0.2198
4259.0378,0.2323,0.2289
4257.5845,0.2323,0.2312
4255.8734,0.2451,0.2399
4258.6015,0.2410,0.2405
4257.8023,0.2436,0.2401
4258.3109,0.2389,0.2405
4257.2907,0.2424,0.2408
4260.0575,0.2493,0.2499
4260.6604,0.2477,0.2492
4260.3326,0.2534,0.2499
4258.2873,0.2517,0.2504
4259.3976,0.2626,0.2607
4260.6691,0.2588,0.2601
4260.7638,0.2582,0.2611
4261.2388,0.2726,0.2700
4260.6144,0.2664,0.2702
4259.7383,0.2759,0.2702
4260.0955,0.2701,0.2808
4259.3684,0.2810,0.2796
4261.4952,0.2887,0.2815
4261.7289,0.2858,0.2817
4261.5373,0.2819,0.2794
4258.9148,0.2727,0.2791
4261.4313,0.2777,0.2809
4261.5011,0.2740,0.2805
4259.1480,0.2738,0.2701
4259.8231,0.2608,0.2596
4261.2249,0.2683,0.2607
4261.1124,0.2475,0.2508
4262.7051,0.2359,0.2394
4262.5659,0.2263,0.2301
4260.6497,0.2230,0.2310
4263.3892,0.2350,0.2289
4263.1058,0.2121,0.2201
4259.7507,0.2180,0.2206
4261.6278,0.2133,0.2203
4263.1800,0.2150,0.2201
4263.9759,0.2129,0.2208
4261.0964,0.2186,0.2196
4263.5080,0.2152,0.2191
4263.2815,0.2295,0.2296
4262.4826,0.2215,0.2204
4260.8509,0.2193,0.2211
4263.4152,0.2181,0.2194
4261.8336,0.2237,0.2305
4262.7519,0.2251,0.2296
4264.3546,0.2287,0.2299
4262.4402,0.2413,0.2404
4263.7382,0.2448,0.2398
4261.5592,0.2456,0.2404
4265.2298,0.2406,0.2398
4265.1026,0.2408,0.2392
4264.0081,0.2318,0.2298
4262.9246,0.2215,0.2302
4264.8602,0.2355,0.2308
4265.8886,0.2308,0.2314
4263.3617,0.2271,0.2288
4265.9339,0.2195,0.2201
4266.7420,0.2233,0.2194
4265.5710,0.2211,0.2200
4265.5423,0.2073,0.2091
4264.5061,0.2033,0.2095
4264.2330,0.1986,0.2009
4266.8046,0.1971,0.2014
4265.5147,0.2103,0.2097
4267.0847,0.2179,0.2092
4266.1751,0.1995,0.2001
4265.4033,0.2020,0.1997
4265.6298,0.2069,0.1998
4267.9598,0.2134,0.2096
4265.0100,0.2142,0.2113
4264.9158,0.2068,0.2100
4266.5407,0.2088,0.2096
4269.0547,0.2144,0.2109
4266.3794,0.2050,0.2005
4268.8737,0.2258,0.2208
4269.2814,0.2416,0.2397
4269.5022,0.2696,0.2607
4267.9471,0.2719,0.2690
4269.7220,0.2638,0.2707
4268.3929,0.2680,0.2792
4271.3157,0.2934,0.2894
4270.6125,0.2888,0.2906
4270.2266,0.2950,0.3000
4268.7450,0.2917,0.2991
4272.8587,0.2967,0.2994
4271.7297,0.2992,0.3008
4272.0790,0.2981,0.2981
4272.3289,0.3008,0.2993
4269.7578,0.3016,0.3011
4269.4367,0.3032,0.3005
4272.4554,0.3008,0.3004
4270.7307,0.3172,0.3113
4270.3952,0.2993,0.3100
4270.2810,0.3176,0.3098
4268.6060,0.3048,0.3101
4269.5580,0.3130,0.3098
4272.4723,0.3138,0.3097
4274.4437,0.3120,0.3092
4272.5584,0.3113,0.3116
4273.3611,0.3099,0.3101
4272.2884,0.3077,0.3105
4273.4798,0.3148,0.3103
4272.8313,0.3120,0.3093
4274.2195,0.3133,0.3101
4271.4812,0.3175,0.3202
4272.9886,0.3132,0.3220
4272.4183,0.3145,0.3198
4272.2152,0.3252,0.3196
4273.6377,0.3273,0.3210
4272.0225,0.3146,0.3184
4272.1946,0.3236,0.3195
4271.4945,0.3233,0.3195
4271.1793,0.3195,0.3203
4274.0988,0.3043,0.3113
4276.2670,0.3031,0.3108
4273.4467,0.3087,0.3100
4271.9745,0.3097,0.3107
4276.0672,0.3141,0.3089
4272.6068,0.3057,0.3113
4273.9361,0.3073,0.3101
4274.3938,0.3128,0.3121
4274.4586,0.3105,0.3108
4274.3988,0.3132,0.3086
4273.5702,0.3212,0.3096
4274.8663,0.3038,0.3111
4274.4771,0.3131,0.3101
4273.8696,0.2993,0.3097
4274.9670,0.3070,0.3088
4273.4938,0.3094,0.3110
4275.9564,0.3129,0.3110
4274.9198,0.3125,0.3121
4275.3382,0.3044,0.3091
4276.8209,0.3079,0.3111
4276.2212,0.3107,0.3100
4274.4469,0.3087,0.3106
4276.4123,0.3092,0.3092
4277.1432,0.3057,0.3097
4278.1248,0.3207,0.3191
4277.9481,0.3214,0.3198
4276.7828,0.3342,0.3315
4276.0352,0.3312,0.3297
4273.5761,0.3305,0.3317
4277.3639,0.3264,0.3303
4277.3371,0.3271,0.3303
4275.6627,0.3316,0.3305
4276.7385,0.3229,0.3290
4278.5304,0.3259,0.3316
4277.3561,0.3214,0.3314
4277.0069,0.3246,0.3298
4279.6949,0.3225,0.3290
4278.1490,0.3363,0.3313
4276.9545,0.3249,0.3312
4275.1705,0.3386,0.3282
4276.4518,0.3326,0.3312
4277.3080,0.3367,0.3305
4278.3481,0.3269,0.3209
4278.8565,0.3181,0.3203
4279.6193,0.3293,0.3205
4279.9355,0.3135,0.3102
4278.0179,0.3132,0.3094
4276.6279,0.2933,0.2988
4279.9762,0.2838,0.2799
4278.9612,0.2720,0.2807
4278.2066,0.2807,0.2805
4277.2397,0.2678,0.2692
4279.1685,0.2664,0.2701
4280.6577,0.2709,0.2696
4279.3528,0.2707,0.2697
4278.6889,0.2620,0.2598
4282.0695,0.2581,0.2595
4280.8772,0.2675,0.2599
4279.9693,0.2609,0.2596
4279.7264,0.2643,0.2601
4277.6716,0.2512,0.2614
4280.4551,0.2573,0.2610
4279.7945,0.2690,0.2706
4280.1379,0.2802,0.2806
4279.2011,0.2853,0.2805
4281.1645,0.2900,0.2913
4280.3618,0.2986,0.3000
4279.3846,0.2988,0.2993
4281.8073,0.3063,0.3105
4281.3702,0.3029,0.3113
4283.2080,0.3080,0.3099
4283.8973,0.3089,0.3099
4281.0315,0.3076,0.3095
4280.3477,0.3037,0.3116
4281.0828,0.3105,0.3096
4279.7196,0.3149,0.3091
4283.1965,0.3255,0.3207
4282.1233,0.3207,0.3211
4282.3973,0.3110,0.3205
4282.9106,0.3223,0.3216
4281.9692,0.3302,0.3196
4281.9434,0.3176,0.3200
4281.7947,0.3195,0.3198
4283.0787,0.3213,0.3092
4281.8632,0.3129,0.3096
4283.5013,0.3129,0.3189
4284.9629,0.3236,0.3191
4284.7254,0.3153,0.3188
4283.4298,0.3283,0.3296
4282.4101,0.3301,0.3304
4284.0936,0.3273,0.3301
4282.4184,0.3322,0.3294
4285.0624,0.3336,0.3304
4284.1662,0.3134,0.3214
4282.7520,0.3231,0.3200
4284.6426,0.3247,0.3194
4283.5528,0.3165,0.3203
4284.2584,0.3093,0.3097
4285.3760,0.3105,0.3096
4283.7366,0.3102,0.3115
4282.3301,0.3066,0.3108
4283.5079,0.3030,0.3107
4282.5788,0.3160,0.3096
4284.8391,0.3161,0.3184
4283.6923,0.3264,0.3202
4285.1377,0.3168,0.3301
4285.0040,0.3302,0.3299
4286.4836,0.3278,0.3297
4283.9874,0.3446,0.3394
4286.8868,0.3315,0.3289
4287.2475,0.3343,0.3297
4283.3457,0.3259,0.3305
4284.6075,0.3265,0.3289
4287.2674,0.3303,0.3280
4286.0927,0.3259,0.3293
4288.0105,0.3396,0.3399
4287.8471,0.3408,0.3408
4283.9551,0.3338,0.3400
4286.4519,0.3389,0.3398
4284.7121,0.3491,0.3393
4287.4547,0.3362,0.3396
4287.7278,0.3385,0.3392
4286.6661,0.3418,0.3408
4286.0075,0.3289,0.3297
4287.7321,0.3294,0.3289
4287.0478,0.3286,0.3302
4284.2133,0.3355,0.3293
4287.1115,0.3236,0.3318
4286.2235,0.3316,0.3302
4285.6821,0.3337,0.3294
4286.2429,0.3390,0.3288
4288.4184,0.3483,0.3380
4288.4076,0.3383,0.3389
4287.6830,0.3410,0.3397
4287.4880,0.3285,0.3302
4288.4151,0.3306,0.3309
4287.9532,0.3281,0.3298
4288.1029,0.3275,0.3307
4287.1269,0.3249,0.3182
4286.6431,0.3215,0.3190
4286.2984,0.3046,0.3107
4287.0790,0.2996,0.3009
4286.6499,0.2993,0.3001
4288.9551,0.2855,0.2893
4287.3180,0.2938,0.2913
4288.0450,0.2795,0.2906
4287.5064,0.2914,0.2888
4290.5097,0.2868,0.2894
4289.5631,0.2842,0.2892
4287.9244,0.2886,0.2905
4287.4648,0.2865,0.2908
4290.1364,0.2881,0.2900
4287.5401,0.2990,0.2991
4289.4995,0.2958,0.2987
