depth,measured,predicted,split
3500.0,91.265,91.18289,train
3500.125,91.193,91.159996,train
3500.25,91.142,91.10813,train
3500.375,91.111,91.14239,train
3500.5,91.066,91.10428,train
3500.625,90.952,90.98385,train
3500.75,91.011,90.87097,train
3500.875,90.998,90.91686,train
3501.0,90.952,90.907425,train
3501.125,90.923,90.883644,train
3501.25,90.91,90.878365,train
3501.375,90.617,90.585434,train
3501.5,90.438,90.46225,train
3501.625,90.112,90.232124,train
3501.75,89.768,89.76876,train
3501.875,89.726,89.76347,train
3502.0,90.444,90.42561,train
3502.125,89.952,90.01267,train
3502.25,89.76,89.69641,train
3502.375,89.682,89.683815,train
3502.5,89.649,89.65943,train
3502.625,89.659,89.631035,train
3502.75,89.715,89.68603,train
3502.875,89.459,89.60159,train
3503.0,89.21,89.35569,train
3503.125,89.507,89.65937,train
3503.25,90.091,90.12305,train
3503.375,89.752,89.741104,train
3503.5,89.852,89.918564,train
3503.625,89.443,89.59699,train
3503.75,89.004,89.22919,train
3503.875,88.737,88.74623,train
3504.0,88.668,88.67345,train
3504.125,88.676,88.68138,train
3504.25,88.575,88.68139,train
3504.375,88.552,88.65454,train
3504.5,88.462,88.446144,train
3504.625,88.331,88.34847,train
3504.75,88.363,88.34338,train
3504.875,88.474,88.469444,train
3505.0,88.499,88.45291,train
3505.125,88.504,88.46411,train
3505.25,88.508,88.46411,train
3505.375,88.549,88.46078,train
3505.5,88.764,88.72957,train
3505.625,88.914,88.81394,train
3505.75,88.818,88.79755,train
3505.875,88.518,88.51605,train
3506.0,88.172,88.25754,train
3506.125,87.975,88.03086,train
3506.25,87.86,87.909615,train
3506.375,87.516,87.65914,train
3506.5,87.384,87.407524,train
3506.625,87.337,87.2878,train
3506.75,87.215,87.31525,train
3506.875,87.06,87.2379,train
3507.0,87.062,87.130295,train
3507.125,87.288,87.29023,train
3507.25,87.731,87.90159,train
3507.375,88.113,88.11735,train
3507.5,88.121,88.17399,train
3507.625,88.124,88.17682,train
3507.75,88.353,88.362335,train
3507.875,88.456,88.38683,train
3508.0,88.34,88.37715,train
3508.125,88.148,88.132454,train
3508.25,88.265,88.21788,train
3508.375,87.879,87.97269,train
3508.5,87.739,87.83946,train
3508.625,87.709,87.78184,train
3508.75,87.712,87.77072,train
3508.875,87.686,87.77474,train
3509.0,87.479,87.58907,train
3509.125,86.897,87.09942,train
3509.25,86.635,86.685356,train
3509.375,86.506,86.67209,train
3509.5,86.44,86.66065,train
3509.625,86.621,86.79568,train
3509.75,87.28,87.367096,train
3509.875,87.399,87.40856,train
3510.0,87.402,87.29677,train
3510.125,87.692,87.7929,train
3510.25,88.442,88.371284,train
3510.375,89.221,89.28119,train
3510.5,88.182,88.265854,train
3510.625,88.524,88.60672,train
3510.75,89.076,89.0081,train
3510.875,89.234,89.39974,train
3511.0,89.237,89.36863,train
3511.125,89.241,89.41577,train
3511.25,89.482,89.57717,train
3511.375,89.661,89.750534,train
3511.5,89.828,89.87951,train
3511.625,89.966,89.905045,train
3511.75,89.677,89.767,train
3511.875,89.605,89.67514,train
3512.0,89.574,89.57403,train
3512.125,89.498,89.54363,train
3512.25,89.364,89.45462,train
3512.375,89.229,89.36938,train
3512.5,89.286,89.40547,train
3512.625,89.328,89.39587,train
3512.75,89.67,89.694435,train
3512.875,89.927,89.94367,train
3513.0,89.963,89.996254,train
3513.125,90.306,90.310135,train
3513.25,90.43,90.41029,train
3513.375,90.578,90.562325,train
3513.5,90.586,90.5625,train
3513.625,90.517,90.55052,train
3513.75,90.521,90.55431,train
3513.875,90.524,90.56906,train
3514.0,90.528,90.52985,train
3514.125,90.426,90.336914,train
3514.25,90.074,89.94876,train
3514.375,89.572,89.55377,train
3514.5,89.313,89.377,train
3514.625,88.687,88.58122,train
3514.75,88.922,88.92093,train
3514.875,89.013,88.9785,train
3515.0,89.236,89.4211,train
3515.125,89.997,89.917076,train
3515.25,90.227,90.253746,train
3515.375,90.246,90.23896,train
3515.5,90.249,90.25099,train
3515.625,90.381,90.38,train
3515.75,90.593,90.63723,train
3515.875,90.667,90.637405,train
3516.0,90.582,90.56959,train
3516.125,90.19,90.08002,train
3516.25,89.659,89.53655,train
3516.375,89.427,89.37831,train
3516.5,89.672,89.537605,train
3516.625,89.676,89.61556,train
3516.75,89.718,89.65958,train
3516.875,89.732,89.68746,train
3517.0,89.735,89.68746,train
3517.125,89.768,89.74439,train
3517.25,89.861,89.84458,train
3517.375,89.865,89.839714,train
3517.5,89.868,89.81561,train
3517.625,89.872,89.80491,train
3517.75,89.917,89.90083,train
3517.875,89.983,89.89569,train
3518.0,89.914,89.812195,train
3518.125,89.799,89.76743,train
3518.25,89.566,89.505806,train
3518.375,89.424,89.44265,train
3518.5,89.375,89.47673,train
3518.625,89.315,89.12421,train
3518.75,89.319,89.36719,train
3518.875,89.322,89.423935,train
3519.0,89.243,89.433685,train
3519.125,89.039,89.417984,train
3519.25,88.804,88.96426,train
3519.375,88.808,88.72583,train
3519.5,88.811,88.63139,train
3519.625,88.814,88.57556,train
3519.75,88.489,88.34332,train
3519.875,88.106,88.01056,train
3520.0,88.076,88.010155,train
3520.125,88.162,88.12206,train
3520.25,88.19,88.16364,train
3520.375,88.21,88.18413,train
3520.5,88.252,88.18413,train
3520.625,88.253,88.1914,train
3520.75,88.072,88.10602,train
3520.875,88.074,88.08689,train
3521.0,88.043,88.03822,train
3521.125,87.395,87.47653,train
3521.25,86.788,87.05399,train
3521.375,86.874,87.0582,train
3521.5,86.877,87.07446,train
3521.625,86.881,86.95857,train
3521.75,86.884,86.955536,train
3521.875,86.867,86.95008,train
3522.0,86.963,86.97171,train
3522.125,87.36,87.4327,train
3522.25,87.363,87.408325,train
3522.375,87.366,87.39641,train
3522.5,87.37,87.39917,train
3522.625,87.373,87.37396,train
3522.75,87.38,87.37396,train
3522.875,87.399,87.407814,train
3523.0,87.4,87.41243,train
3523.125,87.403,87.55079,train
3523.25,87.479,87.57479,train
3523.375,87.575,87.71489,train
3523.5,87.573,87.71622,train
3523.625,87.518,87.559456,train
3523.75,87.444,87.5587,train
3523.875,87.431,87.5587,train
3524.0,87.435,87.56068,train
3524.125,87.422,87.56068,train
3524.25,87.426,87.56068,train
3524.375,87.504,87.58376,train
3524.5,87.524,87.59217,train
3524.625,87.527,87.53316,train
3524.75,87.53,87.53153,train
3524.875,87.534,87.5362,train
3525.0,87.537,87.535034,train
3525.125,88.065,88.2553,train
3525.25,88.438,88.45752,train
3525.375,88.588,88.58316,train
3525.5,88.591,88.62999,train
3525.625,88.593,88.63945,train
3525.75,88.56,88.61095,train
3525.875,88.55,88.59001,train
3526.0,88.517,88.60289,train
3526.125,88.476,88.62444,train
3526.25,88.446,88.55206,train
3526.375,88.389,88.51139,train
3526.5,88.388,88.541824,train
3526.625,88.182,88.2135,train
3526.75,88.209,88.20856,train
3526.875,88.467,88.44338,train
3527.0,88.471,88.49232,train
3527.125,88.474,88.55244,train
3527.25,88.477,88.54014,train
3527.375,88.645,88.68655,train
3527.5,88.619,88.58925,train
3527.625,88.09,88.1809,train
3527.75,87.315,87.37474,train
3527.875,87.105,87.04882,train
3528.0,87.486,87.55986,train
3528.125,87.721,87.819115,train
3528.25,87.622,87.56616,train
3528.375,87.503,87.56066,train
3528.5,87.5,87.636604,train
3528.625,87.438,87.6104,train
3528.75,87.375,87.52847,train
3528.875,87.342,87.519165,train
3529.0,87.345,87.46516,train
3529.125,87.349,87.474464,train
3529.25,87.352,87.475395,train
3529.375,87.217,87.213585,train
3529.5,87.145,87.20134,train
3529.625,87.231,87.348564,train
3529.75,87.439,87.55037,train
3529.875,87.463,87.51045,train
3530.0,87.583,87.57938,train
3530.125,87.725,87.59211,train
3530.25,88.362,88.55357,train
3530.375,89.394,89.69467,train
3530.5,89.758,89.9308,train
3530.625,89.767,89.952354,train
3530.75,89.999,89.95955,train
3530.875,90.278,90.122856,train
3531.0,90.036,90.01526,train
3531.125,88.867,89.06169,train
3531.25,87.739,87.55316,train
3531.375,87.639,87.56326,train
3531.5,87.64,87.640656,train
3531.625,87.643,87.63907,train
3531.75,87.647,87.56286,train
3531.875,87.65,87.529495,train
3532.0,87.653,87.45661,train
3532.125,88.186,88.14422,train
3532.25,88.399,88.422295,train
3532.375,88.462,88.54499,train
3532.5,88.714,88.71417,train
3532.625,88.764,88.78099,train
3532.75,88.768,88.74316,train
3532.875,88.684,88.804794,train
3533.0,88.414,88.48788,train
3533.125,88.008,87.83261,train
3533.25,87.666,87.57779,train
3533.375,87.669,87.55544,train
3533.5,87.672,87.559906,train
3533.625,87.676,87.61099,train
3533.75,87.679,87.64081,train
3533.875,87.764,87.672264,train
3534.0,88.196,88.14782,train
3534.125,88.818,88.63,train
3534.25,88.924,88.69169,train
3534.375,88.874,88.70933,train
3534.5,88.851,88.788574,train
3534.625,88.855,88.788574,train
3534.75,88.858,88.788574,train
3534.875,88.86,88.79962,train
3535.0,88.779,88.67588,train
3535.125,88.573,88.492615,train
3535.25,88.364,88.32375,train
3535.375,88.52,88.494415,train
3535.5,88.521,88.51314,train
3535.625,88.468,88.40453,train
3535.75,88.434,88.421104,train
3535.875,88.43,88.416756,train
3536.0,88.439,88.37897,train
3536.125,88.465,88.33822,train
3536.25,88.398,88.28764,train
3536.375,88.425,88.26026,train
3536.5,88.43,88.31409,train
3536.625,88.424,88.357605,train
3536.75,88.626,88.55507,train
3536.875,88.986,89.07886,train
3537.0,88.989,89.08277,train
3537.125,89.418,89.65563,train
3537.25,89.818,89.7476,train
3537.375,89.554,89.69246,train
3537.5,89.316,89.50915,train
3537.625,89.277,89.48941,train
3537.75,89.266,89.413734,train
3537.875,88.978,89.080055,train
3538.0,88.534,88.615524,train
3538.125,88.456,88.60435,train
3538.25,88.459,88.59048,train
3538.375,88.462,88.53102,train
3538.5,88.429,88.505,train
3538.625,88.393,88.48845,train
3538.75,88.363,88.48169,train
3538.875,88.203,88.169685,train
3539.0,88.248,88.17617,train
3539.125,88.331,88.39718,train
3539.25,88.406,88.42307,train
3539.375,88.426,88.41709,train
3539.5,88.368,88.405685,train
3539.625,88.372,88.40956,train
3539.75,88.329,88.37563,train
3539.875,88.231,88.191795,train
3540.0,88.152,88.1056,train
3540.125,88.124,88.009995,train
3540.25,88.05,87.920815,train
3540.375,87.867,87.694786,train
3540.5,87.738,87.679855,train
3540.625,87.69,87.61292,train
3540.75,87.702,87.776955,train
3540.875,87.712,87.729965,train
3541.0,87.595,87.57063,train
3541.125,87.585,87.533745,train
3541.25,87.588,87.61475,train
3541.375,87.639,87.701836,train
3541.5,87.68,87.70554,train
3541.625,87.494,87.49464,train
3541.75,87.371,87.388306,train
3541.875,87.409,87.346634,train
3542.0,87.251,87.15377,train
3542.125,87.069,87.13084,train
3542.25,87.11,87.11638,train
3542.375,86.793,87.02759,train
3542.5,86.922,87.11695,train
3542.625,87.023,87.06531,train
3542.75,87.138,87.03013,train
3542.875,87.39,87.216034,train
3543.0,87.876,87.80357,train
3543.125,87.88,87.80357,train
3543.25,87.883,87.68901,train
3543.375,88.122,87.8365,train
3543.5,88.388,88.2768,train
3543.625,88.437,88.45439,train
3543.75,88.461,88.6439,train
3543.875,88.275,88.429184,train
3544.0,88.078,88.189064,train
3544.125,87.924,87.99358,train
3544.25,87.844,87.71883,train
3544.375,87.845,87.721436,train
3544.5,87.819,87.70202,train
3544.625,87.916,87.79004,train
3544.75,87.995,87.791794,train
3544.875,88.042,88.140625,train
3545.0,88.069,88.16888,train
3545.125,88.068,88.32068,train
3545.25,88.061,88.32057,train
3545.375,88.312,88.228905,train
3545.5,88.524,88.55561,train
3545.625,88.607,88.60869,train
3545.75,88.644,88.65491,train
3545.875,88.647,88.650444,train
3546.0,88.651,88.664154,train
3546.125,88.817,88.8114,train
3546.25,88.946,88.96529,train
3546.375,88.995,89.05766,train
3546.5,89.336,89.42238,train
3546.625,89.355,89.44681,train
3546.75,89.553,89.51716,train
3546.875,89.624,89.608826,train
3547.0,89.577,89.61872,train
3547.125,89.581,89.60874,train
3547.25,89.584,89.70114,train
3547.375,89.644,89.744545,train
3547.5,89.67,89.744545,train
3547.625,89.672,89.74652,train
3547.75,89.671,89.764206,train
3547.875,89.674,89.75447,train
3548.0,89.678,89.733765,train
3548.125,89.667,89.64426,train
3548.25,89.759,89.78585,train
3548.375,89.109,89.22849,train
3548.5,87.35,87.39865,train
3548.625,87.372,87.39128,train
3548.75,87.397,87.41305,train
3548.875,87.371,87.45992,train
3549.0,87.349,87.44713,train
3549.125,87.366,87.44271,train
3549.25,87.424,87.50554,train
3549.375,87.568,87.60309,train
3549.5,87.613,87.61749,train
3549.625,87.65,87.66084,train
3549.75,87.809,87.825745,train
3549.875,88.094,88.09314,train
3550.0,88.155,88.10789,train
3550.125,88.189,88.12166,train
3550.25,88.2,88.137596,train
3550.375,88.213,88.10438,train
3550.5,88.249,88.10875,train
3550.625,88.317,88.27327,train
3550.75,88.308,88.295204,train
3550.875,88.944,88.80357,train
3551.0,89.293,89.225914,train
3551.125,89.389,89.4554,train
3551.25,89.416,89.465,train
3551.375,89.347,89.264244,train
3551.5,88.664,88.701546,train
3551.625,88.433,88.37386,train
3551.75,88.603,88.567444,train
3551.875,88.867,88.863815,train
3552.0,88.875,88.877205,train
3552.125,88.879,88.93295,train
3552.25,88.877,88.92159,train
3552.375,88.882,88.93871,train
3552.5,88.883,88.85538,train
3552.625,88.876,88.83385,train
3552.75,88.874,88.83385,train
3552.875,88.837,88.840164,train
3553.0,88.766,88.76809,train
3553.125,88.741,88.765366,train
3553.25,88.732,88.770515,train
3553.375,88.665,88.64509,train
3553.5,88.494,88.388374,train
3553.625,88.423,88.37395,train
3553.75,88.396,88.36844,train
3553.875,88.391,88.359604,train
3554.0,88.394,88.377625,train
3554.125,88.398,88.373726,train
3554.25,88.401,88.36345,train
3554.375,88.421,88.4272,train
3554.5,88.601,88.5144,train
3554.625,88.78,88.75231,train
3554.75,88.783,88.71915,train
3554.875,88.787,88.71915,train
3555.0,88.79,88.669365,train
3555.125,88.841,88.723816,train
3555.25,88.813,88.75623,train
3555.375,88.72,88.72533,train
3555.5,88.701,88.60443,train
3555.625,88.678,88.67471,train
3555.75,88.598,88.637726,train
3555.875,88.578,88.70327,train
3556.0,88.61,88.672195,train
3556.125,88.648,88.72819,train
3556.25,88.651,88.75982,train
3556.375,88.691,88.66374,train
3556.5,88.773,88.764305,train
3556.625,88.943,88.9488,train
3556.75,89.097,89.02708,train
3556.875,89.087,89.03295,train
3557.0,89.255,89.17389,train
3557.125,89.344,89.35831,train
3557.25,89.29,89.22133,train
3557.375,89.218,89.181274,train
3557.5,89.208,89.19267,train
3557.625,89.182,89.08362,train
3557.75,89.341,89.24961,train
3557.875,89.632,89.562744,train
3558.0,89.751,89.6573,train
3558.125,89.741,89.70493,train
3558.25,89.849,89.70048,train
3558.375,90.263,90.06365,train
3558.5,90.14,90.00942,train
3558.625,89.76,89.65367,train
3558.75,89.673,89.39221,train
3558.875,90.05,89.8857,train
3559.0,90.461,90.42366,train
3559.125,90.464,90.367905,train
3559.25,90.468,90.367905,train
3559.375,90.471,90.367905,train
3559.5,90.475,90.353775,train
3559.625,90.448,90.353775,train
3559.75,90.245,90.24831,train
3559.875,90.233,90.21531,train
3560.0,90.236,90.209885,train
3560.125,90.24,90.25582,train
3560.25,90.346,90.25729,train
3560.375,90.714,90.55952,train
3560.5,90.718,90.79478,train
3560.625,90.721,90.74894,train
3560.75,90.724,90.69708,train
3560.875,90.728,90.67676,train
3561.0,90.713,90.71153,train
3561.125,90.614,90.65181,train
3561.25,89.845,89.880974,train
3561.375,89.486,89.506485,train
3561.5,89.336,89.30956,train
3561.625,89.163,89.04026,train
3561.75,88.857,88.80978,train
3561.875,88.947,88.861336,train
3562.0,88.932,88.85342,train
3562.125,88.682,88.64442,train
3562.25,88.489,88.61675,train
3562.375,88.448,88.36496,train
3562.5,88.015,88.09855,train
3562.625,87.892,87.87328,train
3562.75,87.867,87.89378,train
3562.875,87.87,87.89378,train
3563.0,87.873,87.869514,train
3563.125,87.876,87.85884,train
3563.25,87.88,87.85431,train
3563.375,87.804,87.85495,train
3563.5,87.71,87.69637,train
3563.625,87.802,87.8328,train
3563.75,88.136,88.19293,train
3563.875,88.493,88.567245,train
3564.0,89.098,89.07512,train
3564.125,89.291,89.444885,train
3564.25,89.342,89.42914,train
3564.375,89.4,89.396515,train
3564.5,89.536,89.60983,train
3564.625,89.809,89.73495,train
3564.75,89.836,89.81179,train
3564.875,89.464,89.45704,train
3565.0,89.127,89.06922,train
3565.125,89.042,89.0306,train
3565.25,89.045,89.035934,train
3565.375,89.048,89.035934,train
3565.5,89.051,89.035934,train
3565.625,89.019,89.035934,train
3565.75,88.985,89.008766,train
3565.875,89.03,89.0336,train
3566.0,89.295,89.20911,train
3566.125,89.367,89.38553,train
3566.25,89.375,89.40786,train
3566.375,89.363,89.401,train
3566.5,89.365,89.401,train
3566.625,89.389,89.41183,train
3566.75,89.185,89.153595,train
3566.875,89.061,89.00318,train
3567.0,88.945,88.85796,train
3567.125,88.869,88.70084,train
3567.25,88.943,88.7548,train
3567.375,89.392,89.3237,train
3567.5,89.41,89.30757,train
3567.625,89.413,89.32124,train
3567.75,89.567,89.36816,train
3567.875,89.766,89.73103,train
3568.0,89.761,89.7229,train
3568.125,89.675,89.70119,train
3568.25,89.724,89.711555,train
3568.375,89.642,89.66394,train
3568.5,89.403,89.37453,train
3568.625,89.112,89.05742,train
3568.75,89.007,89.03565,train
3568.875,89.06,89.03237,train
3569.0,89.008,89.03075,train
3569.125,88.84,88.80656,train
3569.25,88.696,88.77651,train
3569.375,88.729,88.77651,train
3569.5,88.732,88.78082,train
3569.625,88.705,88.77132,train
3569.75,88.698,88.65321,train
3569.875,88.841,88.819725,train
3570.0,89.082,89.04076,train
3570.125,89.114,89.00406,train
3570.25,89.553,89.45238,train
3570.375,89.716,89.683075,train
3570.5,89.932,89.76802,train
3570.625,90.126,89.99893,train
3570.75,90.13,90.010475,train
3570.875,90.133,90.010475,train
3571.0,90.136,89.99333,train
3571.125,90.139,90.000854,train
3571.25,90.201,90.07182,train
3571.375,90.311,90.251015,train
3571.5,90.329,90.30558,train
3571.625,89.278,89.297035,train
3571.75,89.057,89.05984,train
3571.875,88.907,88.837,train
3572.0,88.789,88.77108,train
3572.125,88.77,88.678444,train
3572.25,88.492,88.383804,train
3572.375,88.335,88.33798,train
3572.5,88.261,88.19067,train
3572.625,88.298,88.243805,train
3572.75,88.309,88.269394,train
3572.875,88.088,87.97143,train
3573.0,88.092,87.994156,train
3573.125,88.095,87.9819,train
3573.25,88.098,87.96173,train
3573.375,88.066,87.953224,train
3573.5,88.068,87.9373,train
3573.625,88.405,88.1973,train
3573.75,88.415,88.32497,train
3573.875,88.418,88.38466,train
3574.0,88.421,88.56028,train
3574.125,88.424,88.50588,train
3574.25,88.374,88.496956,train
3574.375,87.855,87.867256,train
3574.5,88.056,88.05799,train
3574.625,87.858,87.868965,train
3574.75,87.557,87.71106,train
3574.875,87.372,87.40631,train
3575.0,86.961,87.08888,train
3575.125,87.063,87.106705,train
3575.25,87.064,87.11154,train
3575.375,87.069,87.11543,train
3575.5,87.087,87.1087,train
3575.625,87.089,87.10966,train
3575.75,87.092,87.106735,train
3575.875,87.097,87.10446,train
3576.0,87.121,87.097176,train
3576.125,87.102,87.109436,train
3576.25,87.054,87.10366,train
3576.375,87.108,87.11491,train
3576.5,87.643,87.653725,train
3576.625,87.745,87.7243,train
3576.75,87.748,87.73531,train
3576.875,87.751,87.73375,train
3577.0,87.756,87.73375,train
3577.125,87.769,87.73896,train
3577.25,87.708,87.73389,train
3577.375,87.577,87.58359,train
3577.5,87.438,87.43162,train
3577.625,87.332,87.34718,train
3577.75,87.269,87.31164,train
3577.875,87.255,87.22201,train
3578.0,87.228,87.224,train
3578.125,87.124,87.12223,train
3578.25,87.022,87.037186,train
3578.375,86.997,87.03232,train
3578.5,86.995,87.04036,train
3578.625,86.998,87.037285,train
3578.75,87.08,87.11059,train
3578.875,87.418,87.472664,train
3579.0,87.887,87.870544,train
3579.125,88.179,88.14863,train
3579.25,88.342,88.23734,train
3579.375,88.552,88.59935,train
3579.5,88.7,88.72764,train
3579.625,88.765,88.75906,train
3579.75,88.768,88.75906,train
3579.875,88.772,88.77135,train
3580.0,88.62,88.671326,train
3580.125,88.304,88.272964,train
3580.25,88.008,87.8946,train
3580.375,87.847,87.85975,train
3580.5,87.84,87.82664,train
3580.625,87.755,87.757126,train
3580.75,87.631,87.62139,train
3580.875,87.537,87.45106,train
3581.0,87.466,87.45106,train
3581.125,87.415,87.364395,train
3581.25,87.406,87.364395,train
3581.375,87.356,87.33179,train
3581.5,87.2,87.18288,train
3581.625,87.113,87.05373,train
3581.75,87.1,87.05373,train
3581.875,87.038,87.033714,train
3582.0,86.63,86.66514,train
3582.125,86.049,86.22092,train
3582.25,86.838,86.9336,train
3582.375,87.64,87.72619,train
3582.5,87.834,87.86746,train
3582.625,87.967,87.9848,train
3582.75,86.966,87.15722,train
3582.875,87.965,87.925415,train
3583.0,87.762,87.837265,train
3583.125,88.325,88.33016,train
3583.25,90.961,90.668526,train
3583.375,89.806,89.78189,train
3583.5,89.46,89.527214,train
3583.625,89.735,89.697105,train
3583.75,89.625,89.6918,train
3583.875,88.673,88.31893,train
3584.0,87.149,87.24004,train
3584.125,86.707,86.82739,train
3584.25,87.757,87.90846,train
3584.375,88.078,88.16281,train
3584.5,88.084,88.18039,train
3584.625,88.458,88.48525,train
3584.75,88.907,88.6575,train
3584.875,88.46,88.29549,train
3585.0,87.836,87.860565,train
3585.125,87.47,87.48873,train
3585.25,87.263,87.27118,train
3585.375,86.877,87.05145,train
3585.5,86.88,86.9624,train
3585.625,86.97,86.988205,train
3585.75,87.007,87.03242,train
3585.875,86.966,86.99913,train
3586.0,86.879,86.96946,train
3586.125,86.826,86.94225,train
3586.25,87.476,87.484474,train
3586.375,87.375,87.335175,train
3586.5,87.497,87.49996,train
3586.625,87.65,87.59589,train
3586.75,87.299,87.388794,train
3586.875,87.313,87.42594,train
3587.0,87.672,87.65849,train
3587.125,87.796,87.82303,train
3587.25,87.799,87.79633,train
3587.375,87.802,87.85333,train
3587.5,87.813,87.86326,train
3587.625,88.058,88.068565,train
3587.75,88.006,88.012146,train
3587.875,88.104,88.084114,train
3588.0,88.157,88.084114,train
3588.125,87.967,87.93467,train
3588.25,88.212,88.185486,train
3588.375,88.336,88.346725,train
3588.5,88.35,88.38385,train
3588.625,88.354,88.38385,train
3588.75,88.414,88.4647,train
3588.875,88.527,88.60401,train
3589.0,88.53,88.569984,train
3589.125,88.541,88.51938,train
3589.25,88.581,88.49181,train
3589.375,88.567,88.35978,train
3589.5,88.468,88.2918,train
3589.625,88.471,88.41281,train
3589.75,88.427,88.46403,train
3589.875,88.802,88.81492,train
3590.0,89.033,88.98496,train
3590.125,89.013,88.98238,train
3590.25,89.016,89.01006,train
3590.375,89.019,89.045685,train
3590.5,90.566,90.38064,train
3590.625,91.017,91.040146,train
3590.75,90.226,90.241264,train
3590.875,89.092,89.005745,train
3591.0,89.268,89.27657,train
3591.125,88.884,88.901695,train
3591.25,88.574,88.52539,train
3591.375,88.367,88.30755,train
3591.5,88.259,88.201294,train
3591.625,88.051,88.01082,train
3591.75,86.519,86.52125,train
3591.875,86.349,86.3617,train
3592.0,85.598,85.67778,train
3592.125,85.382,85.449745,train
3592.25,86.031,86.05416,train
3592.375,86.025,86.06094,train
3592.5,85.5,85.49245,train
3592.625,84.974,85.002426,train
3592.75,86.528,86.54633,train
3592.875,88.198,88.14331,train
3593.0,87.589,87.62657,train
3593.125,88.201,88.12637,train
3593.25,88.252,88.18764,train
3593.375,88.684,88.60782,train
3593.5,89.002,88.84878,train
3593.625,89.006,88.97938,train
3593.75,88.927,88.88386,train
3593.875,87.102,87.11342,train
3594.0,86.295,86.36249,train
3594.125,86.321,86.37388,train
3594.25,86.583,86.53262,train
3594.375,86.587,86.52065,train
3594.5,86.59,86.55371,train
3594.625,86.593,86.54711,train
3594.75,86.395,86.398026,train
3594.875,86.132,86.13743,train
3595.0,86.02,86.08901,train
3595.125,86.232,86.27857,train
3595.25,86.235,86.23818,train
3595.375,86.238,86.28013,train
3595.5,86.242,86.287964,train
3595.625,86.384,86.3706,train
3595.75,86.625,86.63256,train
3595.875,86.458,86.4099,train
3596.0,86.064,86.11459,train
3596.125,86.659,86.675934,train
3596.25,87.042,87.01305,train
3596.375,86.897,86.88235,train
3596.5,86.684,86.69836,train
3596.625,87.217,87.1417,train
3596.75,87.284,87.23808,train
3596.875,87.287,87.23808,train
3597.0,87.29,87.23903,train
3597.125,87.049,86.894,train
3597.25,85.958,86.01127,train
3597.375,85.745,85.77621,train
3597.5,86.44,86.4627,train
3597.625,87.067,86.983795,train
3597.75,87.527,87.41268,train
3597.875,88.136,88.1355,train
3598.0,88.74,88.70268,train
3598.125,89.008,88.94012,train
3598.25,88.936,88.84633,train
3598.375,88.809,88.77427,train
3598.5,88.351,88.266266,train
3598.625,86.644,86.71146,train
3598.75,85.99,86.0432,train
3598.875,85.869,85.85971,train
3599.0,85.872,85.94287,train
3599.125,86.609,86.69336,train
3599.25,88.157,88.15924,train
3599.375,87.378,87.46195,train
3599.5,89.176,89.1376,train
3599.625,89.026,89.03476,train
3599.75,88.61,88.56183,train
3599.875,88.61,88.55862,train
3600.0,88.128,88.080345,train
3600.125,87.401,87.43273,train
3600.25,87.104,87.12616,train
3600.375,87.037,87.11895,train
3600.5,86.973,87.110916,train
3600.625,86.829,86.96019,train
3600.75,86.914,86.98141,train
3600.875,86.963,87.10613,train
3601.0,87.055,87.09444,train
3601.125,87.242,87.2814,train
3601.25,87.428,87.41048,train
3601.375,87.443,87.40562,train
3601.5,87.431,87.41493,train
3601.625,87.387,87.38834,train
3601.75,87.253,87.306885,train
3601.875,87.147,87.12099,train
3602.0,87.134,87.1174,train
3602.125,87.095,87.09961,train
3602.25,86.831,86.89073,train
3602.375,86.791,86.73661,train
3602.5,86.954,86.94334,train
3602.625,87.229,87.2643,train
3602.75,87.475,87.50212,train
3602.875,87.478,87.504906,train
3603.0,87.498,87.5063,train
3603.125,87.627,87.60157,train
3603.25,87.825,87.71597,train
3603.375,88.056,87.97939,train
3603.5,88.302,88.18045,train
3603.625,87.47,87.47335,train
3603.75,87.32,87.31222,train
3603.875,87.353,87.32374,train
3604.0,87.416,87.38295,train
3604.125,87.491,87.50178,train
3604.25,87.395,87.41025,train
3604.375,87.471,87.460785,train
3604.5,87.521,87.519196,train
3604.625,87.544,87.576866,train
3604.75,87.596,87.58833,train
3604.875,87.748,87.682945,train
3605.0,87.782,87.71384,train
3605.125,87.79,87.70091,train
3605.25,87.775,87.75916,train
3605.375,87.757,87.758354,train
3605.5,87.759,87.75751,train
3605.625,87.788,87.758224,train
3605.75,87.693,87.68755,train
3605.875,87.178,87.16004,train
3606.0,86.794,86.74849,train
3606.125,86.514,86.41857,train
3606.25,85.868,85.86661,train
3606.375,85.895,85.88051,train
3606.5,86.299,86.31936,train
3606.625,86.961,87.00737,train
3606.75,87.408,87.36006,train
3606.875,87.397,87.365524,train
3607.0,87.411,87.365524,train
3607.125,87.392,87.34001,train
3607.25,87.269,87.15053,train
3607.375,87.177,87.15604,train
3607.5,87.18,87.161125,train
3607.625,87.247,87.200035,train
3607.75,87.128,87.13417,train
3607.875,87.042,87.02567,train
3608.0,87.021,87.03609,train
3608.125,87.008,87.00882,train
3608.25,86.972,86.94754,train
3608.375,86.947,86.92204,train
3608.5,86.994,86.988045,train
3608.625,86.905,86.896454,train
3608.75,86.921,86.898224,train
3608.875,87.002,86.992226,train
3609.0,87.005,87.005196,train
3609.125,87.097,87.08072,train
3609.25,86.96,86.90464,train
3609.375,87.193,87.184975,train
3609.5,87.562,87.47635,train
3609.625,87.858,87.75455,train
3609.75,88.07,87.90069,train
3609.875,87.727,87.622025,train
3610.0,87.554,87.533676,train
3610.125,87.501,87.52835,train
3610.25,87.475,87.491455,train
3610.375,87.415,87.39516,train
3610.5,87.435,87.356224,train
3610.625,87.218,87.18624,train
3610.75,86.909,86.87323,train
3610.875,86.668,86.71948,train
3611.0,86.558,86.60337,train
3611.125,86.532,86.43593,train
3611.25,86.698,86.73636,train
3611.375,86.709,86.733665,train
3611.5,86.59,86.63727,train
3611.625,86.41,86.417076,train
3611.75,86.236,86.30546,train
3611.875,86.088,86.04002,train
3612.0,86.18,86.15012,train
3612.125,86.256,86.27928,train
3612.25,86.595,86.56155,train
3612.375,86.635,86.53212,train
3612.5,85.612,85.62782,train
3612.625,86.858,86.6443,train
3612.75,86.42,86.31207,train
3612.875,86.026,86.013725,train
3613.0,86.234,86.17074,train
3613.125,86.774,86.578224,train
3613.25,86.361,86.327576,train
3613.375,85.738,85.70205,train
3613.5,85.595,85.61194,train
3613.625,85.598,85.61684,train
3613.75,85.601,85.61684,train
3613.875,85.521,85.54978,train
3614.0,84.767,84.773895,train
3614.125,84.227,84.41815,train
3614.25,84.34,84.41815,train
3614.375,84.506,84.65898,test
3614.5,84.234,84.84144,test
3614.625,83.54,84.85157,test
3614.75,83.815,84.90604,test
3614.875,83.862,84.84339,test
3615.0,84.077,84.89846,test
3615.125,84.326,84.89846,test
3615.25,84.335,84.89333,test
3615.375,84.338,84.86266,test
3615.5,84.381,84.87039,test
3615.625,84.658,84.87039,test
3615.75,85.088,85.07682,test
3615.875,85.463,85.06909,test
3616.0,85.492,85.55189,test
3616.125,85.044,85.48972,test
3616.25,84.967,85.48972,test
3616.375,84.97,85.492775,test
3616.5,84.973,85.5145,test
3616.625,84.971,85.156944,test
3616.75,84.943,85.14477,test
3616.875,85.477,85.16982,test
3617.0,85.598,85.143234,test
3617.125,85.806,85.68786,test
3617.25,86.036,85.70575,test
3617.375,85.73,85.69484,test
3617.5,85.762,85.54629,test
3617.625,85.655,85.24293,test
3617.75,85.561,85.23693,test
3617.875,85.762,85.28096,test
3618.0,86.279,85.541466,test
3618.125,86.466,86.15145,test
3618.25,86.69,86.30495,test
3618.375,86.513,86.12797,test
3618.5,86.37,85.987915,test
3618.625,86.374,85.987915,test
3618.75,86.368,85.83473,test
3618.875,86.281,85.53893,test
3619.0,86.273,85.52919,test
3619.125,86.687,86.015366,test
3619.25,87.612,87.05099,test
3619.375,88.595,87.94863,test
3619.5,88.418,87.8906,test
3619.625,87.879,87.584404,test
3619.75,87.716,87.51575,test
3619.875,87.679,87.46969,test
3620.0,87.49,87.301254,test
3620.125,86.902,86.75362,test
3620.25,85.723,85.30968,test
3620.375,85.245,85.29027,test
3620.5,84.718,85.11247,test
3620.625,84.208,85.105576,test
3620.75,83.858,85.09539,test
3620.875,83.735,85.03332,test
3621.0,83.508,85.03332,test
3621.125,83.497,84.680984,test
3621.25,83.559,84.680984,test
3621.375,83.706,84.680984,test
3621.5,84.097,84.90035,test
3621.625,85.207,85.24534,test
3621.75,86.267,86.05575,test
3621.875,86.643,86.314545,test
3622.0,86.522,86.32211,test
3622.125,86.329,86.055565,test
3622.25,86.516,86.264786,test
3622.375,86.031,85.651855,test
3622.5,85.581,84.86687,test
3622.625,85.412,84.86033,test
3622.75,85.089,84.86033,test
3622.875,84.416,84.67955,test
3623.0,84.419,84.67955,test
3623.125,84.422,84.67955,test
3623.25,84.425,85.03142,test
3623.375,84.963,85.221596,test
3623.5,86.22,85.75906,test
3623.625,87.932,87.43285,test
3623.75,88.858,87.95913,test
3623.875,88.988,88.11899,test
3624.0,89.148,88.20193,test
3624.125,89.291,88.346535,test
3624.25,89.299,88.34936,test
3624.375,89.325,88.34227,test
3624.5,89.3,88.34736,test
3624.625,88.28,87.64753,test
3624.75,86.945,86.4935,test
3624.875,85.961,85.31385,test
3625.0,85.79,84.79752,test
3625.125,86.225,85.344635,test
3625.25,90.481,89.16137,test
3625.375,93.734,91.466354,test
3625.5,95.765,91.6124,test
3625.625,95.989,91.6124,test
3625.75,92.277,90.777504,test
3625.875,92.458,90.96036,test
3626.0,90.59,89.02862,test
3626.125,89.748,88.481865,test
3626.25,89.96,88.21901,test
3626.375,90.035,88.14816,test
3626.5,90.396,88.444626,test
3626.625,90.429,88.315895,test
3626.75,90.453,88.32694,test
3626.875,90.471,88.19857,test
3627.0,90.486,88.2182,test
3627.125,90.53,88.24966,test
3627.25,90.504,88.22378,test
3627.375,90.561,88.27158,test
3627.5,90.781,88.677925,test
3627.625,91.038,88.798775,test
3627.75,91.195,88.7294,test
3627.875,91.329,88.82645,test
3628.0,91.079,88.57888,test
3628.125,91.017,88.49783,test
3628.25,91.198,88.55729,test
3628.375,91.704,88.96486,test
3628.5,92.578,89.84359,test
3628.625,92.741,89.89553,test
3628.75,92.487,89.83819,test
3628.875,92.215,89.71283,test
3629.0,91.76,89.202,test
3629.125,91.113,88.981995,test
3629.25,90.978,89.03561,test
3629.375,91.175,88.9875,test
3629.5,90.812,89.03288,test
3629.625,90.279,88.272224,test
3629.75,89.837,87.985954,test
3629.875,89.609,88.0681,test
3630.0,89.867,87.96475,test
3630.125,89.902,87.99962,test
3630.25,88.289,87.31912,test
3630.375,86.905,86.221565,test
3630.5,87.067,86.419235,test
3630.625,87.798,87.01993,test
3630.75,88.527,87.43275,test
3630.875,90.784,89.020355,test
3631.0,92.782,90.0716,test
3631.125,94.129,91.29344,test
3631.25,95.448,91.32125,test
3631.375,98.055,91.31099,test
3631.5,99.581,91.018456,test
3631.625,100.477,91.06197,test
3631.75,101.142,91.06197,test
3631.875,101.821,91.00389,test
3632.0,102.457,91.06663,test
3632.125,100.942,91.070915,test
3632.25,98.349,91.059105,test
3632.375,97.136,91.04707,test
3632.5,97.376,91.0543,test
3632.625,98.024,91.04707,test
3632.75,98.027,91.059105,test
3632.875,96.935,91.059105,test
3633.0,96.597,91.28163,test
3633.125,96.903,91.34643,test
3633.25,97.914,91.35824,test
3633.375,99.894,91.29344,test
3633.5,100.574,91.059105,test
3633.625,101.269,91.059105,test
3633.75,102.455,91.04707,test
3633.875,102.77,91.0543,test
3634.0,101.685,91.0543,test
3634.125,102.472,91.0543,test
3634.25,103.292,91.04707,test
3634.375,101.037,91.02585,test
3634.5,98.135,90.87527,test
3634.625,96.393,90.92938,test
3634.75,96.341,90.86112,test
3634.875,95.65,91.050316,test
3635.0,97.689,91.059105,test
3635.125,98.495,91.059105,test
3635.25,98.943,91.059105,test
3635.375,99.968,91.059105,test
3635.5,100.163,91.070915,test
3635.625,100.232,91.059105,test
3635.75,100.388,91.059105,test
3635.875,100.438,91.059105,test
3636.0,100.328,91.02225,test
3636.125,100.114,91.32158,test
3636.25,99.848,91.33693,test
3636.375,99.87,91.34403,test
3636.5,99.996,91.34403,test
3636.625,100.112,91.38153,test
3636.75,100.126,91.33288,test
3636.875,99.986,91.273964,test
3637.0,100.267,91.27019,test
3637.125,100.88,91.32827,test
3637.25,101.2,91.32827,test
3637.375,101.273,91.32827,test
3637.5,101.393,91.31356,test
3637.625,101.358,91.31785,test
3637.75,101.998,91.31785,test
3637.875,102.671,91.30604,test
3638.0,103.143,91.30604,test
3638.125,103.343,91.30604,test
3638.25,103.343,91.35773,test
3638.375,103.258,91.40638,test
3638.5,103.396,91.33681,test
3638.625,103.628,91.33681,test
3638.75,103.882,91.34403,test
3638.875,104.106,91.38153,test
3639.0,104.248,91.38153,test
3639.125,104.07,91.33288,test
3639.25,103.915,91.28119,test
3639.375,103.603,91.28119,test
3639.5,102.908,91.28119,test
3639.625,101.766,91.28119,test
3639.75,101.769,91.29107,test
3639.875,101.773,91.33288,test
3640.0,101.776,91.33288,test
3640.125,101.746,91.33288,test
3640.25,101.924,91.33288,test
3640.375,103.209,91.33288,test
3640.5,104.052,91.33288,test
3640.625,104.552,91.28119,test
3640.75,104.736,91.28119,test
3640.875,104.74,91.28119,test
3641.0,104.744,91.28119,test
3641.125,104.747,91.28119,test
3641.25,104.56,91.28119,test
3641.375,104.497,91.28119,test
3641.5,104.509,91.28119,test
3641.625,104.512,91.28119,test
3641.75,104.516,91.28119,test
3641.875,104.506,91.28119,test
3642.0,104.506,91.28119,test
3642.125,-1260.628,91.28119,test
3642.25,-2875.005,91.28119,test
3642.375,-2872.192,91.32565,test
3642.5,-2872.488,91.374306,test
3642.625,-2872.517,91.33681,test
3642.75,-2872.712,91.33681,test
3642.875,-2872.866,91.34403,test
